bssid,possible_assignments
00:02:6F:53:81:CE,"8427,Buchholz,anderes"
00:02:6F:66:8B:4D,"25xx,7404,7421,Bhf Vahrenwald"
00:02:6F:66:8C:2D,"8328,Hannover Hbf EAP"
00:02:6F:66:8C:3D,"2527,2548,2555,2586,BH Glocksee,RH574"
00:02:6F:66:8C:40,"2527,2548,2555,2586,BH Glocksee,RH574"
00:02:6F:66:8C:43,"Bhf Vahrenwald,Bus"
00:02:6F:66:8C:57,"Bhf Vahrenwald,Bus"
00:02:6F:66:8D:78,Glocksee
00:02:6F:66:8D:92,"Bhf Vahrenwald,Bus"
00:02:6F:66:8F:57,"RTLS wo?"
00:02:6F:75:6D:9D,"20xx,Bhf Vahrenwald"
00:02:6F:75:6D:BC,Glocksee
00:02:6F:75:6D:BF,"8427,Buchholz,anderes"
00:02:6F:75:70:15,"BMS R,bruch"
00:02:6F:75:70:17,"BMS R,bruch"
00:02:6F:75:70:18,"2xxx,7409,ÜSTRA Betriebshof Glocksee"
00:02:6F:75:70:28,"2520,2530,7409,ÜSTRA Betriebshof Glocksee"
00:08:2F:3A:DC:F0,Glocksee
00:08:2F:3A:DC:F1,Glocksee
00:08:2F:3A:DC:F2,Glocksee
00:0E:8E:5B:E7:51,"...,DB Regio,Mannheim Hbf,S-Bahn RheinNeckar"
00:0E:8E:5F:2B:65,"ICE Tz 90"
00:0E:8E:5F:74:9A,"H R 5820,H R 6119,Hannover ZOB"
00:0E:8E:5F:76:20,"H R 5820,H R 6119,Hannover ZOB"
00:0E:8E:5F:79:3A,"H R 5820,H R 6119,Hannover ZOB"
00:0E:8E:5F:79:3D,"H R 5820,H R 6119,Hannover ZOB"
00:0E:8E:5F:F5:64,"IC mit 61 80 20-95 627-1 und 61 80 21-90 908-9,Kassel Wilhelmshöhe"
00:0E:8E:5F:F6:0C,"IC mit 61 80 20-95 627-1 und 61 80 21-90 908-9,Kassel Wilhelmshöhe"
00:0E:8E:6E:19:99,"ICE Tz 73"
00:0E:8E:6E:1A:43,"ICE Tz 73"
00:0E:8E:6E:1E:7A,"ICE Tz 243,Tz 219"
00:0E:8E:6E:20:54,"ICE Tz 243,Tz 219"
00:0E:8E:6E:20:55,"ICE Tz 243,Tz 219"
00:0E:8E:6E:20:EB,"ICE Tz 243,Tz 219"
00:0E:8E:6E:21:81,"ICE Tz 73"
00:0E:8E:6E:23:73,"ICE Tz 73"
00:0E:8E:6E:24:4C,"ICE Tz 73"
00:0E:8E:6E:26:B9,"ICE Tz 243,Tz 219"
00:0E:8E:6E:2A:99,"ICE Tz 73"
00:0E:8E:6E:2A:9C,"ICE Tz Freilassing 85"
00:0E:8E:6E:2A:A2,"ICE Tz1169"
00:0E:8E:6E:2A:A8,"ICE Tz 73"
00:0E:8E:6E:2A:C4,"ICE Tz 73"
00:0E:8E:6E:40:CF,"Dosto mit Taufname Ostholstein,ICE Taufname Tutzing,Lübeck Hbf"
00:0E:8E:6E:40:E2,"""61 80 20-91 321-5"",Tz 1127"
00:0E:8E:6E:42:51,"""61 80 20-91 321-5"",Tz 1127"
00:0E:8E:6E:43:BF,"ICE Tz 73"
00:0E:8E:6E:44:32,"ICE (sicher)"
00:0E:8E:6E:44:C6,"ICE Tz 243,Tz 219"
00:0E:8E:6E:45:10,"ICE Tz 243,Tz 219"
00:0E:8E:6E:45:7E,"Dosto mit Taufname Ostholstein,ICE Taufname Tutzing,Lübeck Hbf"
00:0E:8E:6E:45:F5,"Dosto mit Taufname Ostholstein,ICE Taufname Tutzing,Lübeck Hbf"
00:0E:8E:6E:46:13,"Dosto mit Taufname Ostholstein,ICE Taufname Tutzing,Lübeck Hbf"
00:0E:8E:6E:46:1B,"ICE Tz 236 Jüterbog;Hannover Hbf,ICE Tz 239 Essen"
00:0E:8E:6E:46:2C,"ICE Tz9007,Tz1174"
00:0E:8E:6E:46:56,"ICE Tz Ellwangen 1168,Lüneburg Bahnhof"
00:0E:8E:6E:46:78,"ICE Tz Ellwangen,Lüneburg Bahnhof"
00:0E:8E:6E:46:7A,"ICE Tz9007,Tz1174"
00:0E:8E:6E:46:80,"ICE Tz Geisenheim Rheingau"
00:0E:8E:6E:46:99,"ICE Tz1502,Tz1522"
00:0E:8E:6E:46:9C,"ICE Tz1502,Tz1522"
00:0E:8E:6E:46:AB,"ICE Tz 243,Tz 219"
00:0E:8E:6E:46:B7,"Dosto mit Taufname Ostholstein,ICE Taufname Tutzing,Lübeck Hbf"
00:0E:8E:6E:46:C0,"ICE Tz 243,Tz 219"
00:0E:8E:6E:46:C3,"Dosto mit Taufname Ostholstein,ICE Taufname Tutzing,Lübeck Hbf"
00:0E:8E:6E:47:2D,"ICE Tz 73"
00:0E:8E:6E:47:69,"""61 80 20-91 321-5"",Tz 1127"
00:0E:8E:6E:48:FB,"""61 80 20-91 321-5"",Tz 1127"
00:0E:8E:6E:49:E5,"ICE Tz 73"
00:0E:8E:6E:4A:A6,"ICE Tz 73"
00:0E:8E:6E:4D:2A,"ICE Tz 73"
00:0E:8E:6E:4F:61,"ICE Tz Ellwangen,Lüneburg Bahnhof"
00:0E:8E:6E:4F:9C,"ICE Hamm Westf.,ICE Wuppertal Tz 202"
00:0E:8E:6E:4F:EB,"ICE Tz 104 ""Fulda"",Kassel-Wilhelmshöhe"
00:0E:8E:6E:51:B2,"ICE Tz 110 Gelsenkirchen"
00:0E:8E:6E:53:0E,"ICE Tz 110 Gelsenkirchen"
00:0E:8E:6E:57:0F,"ICE Tz1502,Tz1522"
00:0E:8E:6E:57:C6,"ICE Tz9007,Tz1174"
00:0E:8E:6E:57:CA,"ICE Tz9007,Tz1174"
00:0E:8E:6E:58:B7,"ICE Tz 243,Tz 219"
00:0E:8E:6E:58:D5,"ICE Tz 243,Tz 219"
00:0E:8E:6E:58:D6,"ICE Tz 243,Tz 219"
00:0E:8E:6E:61:93,"ICE Tz 110 Gelsenkirchen"
00:0E:8E:6E:62:8A,"ICE Tz9007,Tz1174"
00:0E:8E:6E:62:8E,"ICE Tz9007,Tz1174"
00:0E:8E:70:04:95,"Hannover Hbf,ICE Tz 165"
00:0E:8E:70:04:F4,"Hannover Hbf,ICE Tz 234"
00:0E:8E:70:04:F5,"Hannover Hbf,ICE Tz 234"
00:0E:8E:70:81:7A,"ICE Tz 73"
00:0E:8E:70:81:7C,"ICE Tz 73"
00:0E:8E:70:82:37,"ICE Tz1502,Tz1522"
00:0E:8E:70:83:25,"ICE Tz9007,Tz1174"
00:0E:8E:70:83:7E,"ICE Tz1502,Tz1522"
00:0E:8E:70:83:80,"ICE Tz1502,Kassel WilhelmshÃ¶he,Tz1522"
00:0E:8E:70:83:D9,"ICE Tz1502,Kassel WilhelmshÃ¶he,Tz1522"
00:0E:8E:70:83:DA,"ICE Tz1502,Kassel Wilhelmshöhe,Tz1522"
00:0E:8E:70:85:B9,"ICE Tz1502,Tz1522"
00:0E:8E:70:85:C3,"ICE Tz1502,Tz1522"
00:0E:8E:70:9B:99,"ICE Tz 73"
00:0E:8E:70:9E:A9,"ICE Tz 73"
00:0E:8E:70:9E:F3,"ICE Tz 73"
00:0E:8E:70:A8:41,"ICE Tz 1506"
00:0E:8E:70:A8:88,"ICE Tz 1506"
00:0E:8E:70:A8:BC,"ICE Tz Altenburg,Kassel WilhelmshÃ¶he"
00:0E:8E:70:A8:D2,"ICE Tz9007,Tz1174"
00:0E:8E:70:A8:D9,"ICE Tz 228 Altenburg,Kassel WilhelmshÃ¶he"
00:0E:8E:70:C4:82,"ICE Tz 236 Jüterbog;Hannover Hbf,ICE Tz 239 Essen"
00:0E:8E:70:C4:88,"ICE Tz 236 Jüterbog;Hannover Hbf,ICE Tz 239 Essen"
00:0E:8E:70:C5:34,"ICE Tz 1506"
00:0E:8E:70:C6:70,"ICE Tz 73"
00:0E:8E:71:04:48,"ICE Tz 243"
00:0E:8E:71:04:58,"ICE Tz 243"
00:0E:8E:71:04:BD,"ICE Tz 73"
00:0E:8E:71:05:62,"ICE Tz 243"
00:0E:8E:71:06:1E,"ICE Tz 236 Jüterbog;Hannover Hbf,ICE Tz 239 Essen"
00:0E:8E:71:06:27,"ICE Tz 236 Jüterbog;Hannover Hbf,ICE Tz 239 Essen"
00:0E:8E:71:06:DD,"ICE Tz 243"
00:0E:8E:71:07:1B,"ICE Tz 1506"
00:0E:8E:71:07:4B,"ICE Tz 243"
00:0E:8E:71:07:7B,"Hannover Hbf,ICE Tz Bingen am Rhein"
00:0E:8E:71:07:7E,"Hannover Hbf,ICE Tz 234"
00:0E:8E:71:07:DC,"ICE Tz 1506"
00:0E:8E:71:07:EE,"ICE Tz Ellwangen 1168,Lüneburg Bahnhof"
00:0E:8E:71:08:5C,"ICE Tz 243"
00:0E:8E:71:08:5F,"ICE Tz 228 Altenburg,Kassel WilhelmshÃ¶he"
00:0E:8E:71:08:83,"ICE Tz 236 Jüterbog;Hannover Hbf,ICE Tz 239 Essen"
00:0E:8E:71:08:DA,"ICE Tz 228 Altenburg,Kassel WilhelmshÃ¶he"
00:0E:8E:71:09:01,"Hannover Hbf,ICE Tz Bingen am Rhein"
00:0E:8E:71:09:B0,"ICE Tz 243"
00:0E:8E:71:09:E3,"Hannover Hbf,ICE Tz 234"
00:0E:8E:71:0A:81,"Hannover Hbf,ICE Tz 234"
00:0E:8E:71:0A:94,"ICE Tz 1506"
00:0E:8E:71:0B:BD,"Hannover Hbf,ICE Tz 234"
00:0E:8E:71:0C:E8,"ICE Tz 1506"
00:0E:8E:71:0C:EC,"ICE Tz 1506"
00:0E:8E:71:10:99,"ICE Tz 243"
00:0E:8E:71:11:27,"Hannover Hbf,ICE Tz 234"
00:0E:8E:71:11:83,"ICE Tz 243"
00:0E:8E:71:11:87,"ICE Tz 243"
00:0E:8E:72:CB:A7,"ICE Tz 104 ""Fulda"",Kassel-Wilhelmshöhe"
00:0E:8E:72:CC:08,"ICE Tz 104 ""Fulda"",Kassel-Wilhelmshöhe"
00:0E:8E:72:D3:97,"ICE Tz 104 ""Fulda"",Kassel-Wilhelmshöhe"
00:0E:8E:75:65:6C,"DB Regio Frankfurt,Frankfurt Main Süd,HLBahn"
00:0E:8E:78:65:08,"ICE Tz Freilassing,Kassel WilhelmshÃ¶he"
00:0E:8E:91:51:4C,"Bahn,Lübeck Hbf"
00:0E:8E:93:A2:0C,"KVV811,KVV904,Karlsruhe Hbf"
00:0E:8E:93:A2:BB,ICE
00:14:1B:59:CC:C0,"3045,3068,Appelstraße"
00:14:1B:59:CC:C1,"3045,3068,Appelstraße"
00:14:1B:59:CC:C2,"3045,3068,Appelstraße"
00:14:1B:59:CC:CB,"3045,3068,Appelstraße"
00:14:1B:59:CC:CD,"3045,3068,Appelstraße"
00:14:1B:59:CC:CE,"3045,3068,Appelstraße"
00:14:1B:59:CC:CF,"3045,3068,Appelstraße"
00:14:69:13:01:90,"ICE Tz 9002 FS"
00:15:0C:EF:68:A0,"3053,3xxx,Leibniz Universität"
00:17:CA:D3:84:F0,"H-LD 1005"
00:1A:30:BB:96:B0,"3026,3132,Schneiderberg"
00:1A:30:BB:96:B1,"3026,3132,Schneiderberg"
00:1A:30:BB:96:B2,"3026,3132,Schneiderberg"
00:1A:30:BB:96:B4,"3026,3132,Schneiderberg"
00:1A:30:BB:96:BB,"3026,3132,Schneiderberg"
00:1A:30:BB:96:BD,"3026,3132,Schneiderberg"
00:1A:30:BB:96:BE,"3026,3132,Schneiderberg"
00:1A:30:BB:96:BF,"3026,3132,Schneiderberg"
00:1A:30:E6:C0:61,"3026,3132,Schneiderberg"
00:1A:30:E6:C1:60,"3026,3132,Schneiderberg"
00:1A:30:E6:C1:61,"3026,3132,Schneiderberg"
00:1A:30:E6:C1:62,"3026,3132,Schneiderberg"
00:1A:30:E6:C1:6B,"3026,3132,Schneiderberg"
00:1A:30:E6:C1:6D,"3026,3132,Schneiderberg"
00:1A:30:E6:C1:6E,"3026,3132,Schneiderberg"
00:1A:30:E6:C1:6F,"3026,3132,Schneiderberg"
00:1A:8C:D9:97:2E,"KVV 307,KVV329,KVV354"
00:1A:8C:D9:97:36,"KVV 307,KVV329,KVV354"
00:1A:8C:D9:9B:3A,KVV304
00:1A:DD:26:37:41,8320
00:1A:DD:26:38:71,"1132,25xx,7419"
00:1A:DD:26:3B:41,7942
00:1A:DD:26:3B:51,7942
00:1A:DD:26:3B:81,
00:1A:DD:26:43:C1,"74xx,84(2/3)x"
00:1A:DD:26:43:D1,"74xx,84(2/3)x"
00:1A:DD:26:51:81,"3xx,76xx,7936,PeinerStr"
00:1A:DD:26:51:91,"3xx,76xx,7936,PeinerStr"
00:1A:DD:26:52:41,"2511,2513,8323,Haltenhoff"
00:1A:DD:26:52:51,"2511,2513,8323,Haltenhoff"
00:1A:DD:26:54:41,"2507,2514,2542,2565,8316"
00:1A:DD:26:54:51,"2542,2565,8316"
00:1A:DD:26:60:21,
00:1A:DD:26:62:E1,8429
00:1A:DD:26:62:F1,8429
00:1A:DD:26:6A:01,"3046,3102,3109,79xx"
00:1A:DD:26:6A:11,"3046,3102,3109"
00:1A:DD:26:72:21,"7922,8319"
00:1A:DD:26:72:31,"7922,8319"
00:1A:DD:26:72:E1,"2029,2032,2531,2539,2541,2593,7423,79x4"
00:1A:DD:26:72:F1,"2029,2032,2531,2539,2541,2593,7423,79x4"
00:1A:DD:26:7D:11,"2037,2551,2578,8401"
00:1A:DD:26:7F:61,"7607,7953"
00:1A:DD:26:7F:71,"7607,7953"
00:1A:DD:26:7F:F1,"3075,3085,3092,8328,8419,H DA 1073"
00:1A:DD:26:82:A1,8312
00:1A:DD:26:86:11,"3024,3085,79xx,8425,8437,Misburger Str,anderes"
00:1A:DD:26:87:71,"3090,3xxx,7927,7951,8329,Stadtbahn"
00:1A:DD:26:87:E1,8414
00:1A:DD:26:87:F1,8414
00:1A:DD:26:88:A1,"8308,prüfen!"
00:1A:DD:26:88:B1,"8303,8308,prüfen!"
00:1A:DD:26:8A:71,"7931,8303"
00:1A:DD:26:8B:41,"7947,8420,8428"
00:1A:DD:26:8B:51,"7947,8319,8420,8428"
00:1A:DD:26:8D:21,79xx
00:1A:DD:26:8D:31,"3016,3053,3106,3133"
00:1A:DD:26:8F:A1,7929
00:1A:DD:26:8F:B1,7929
00:1A:DD:26:91:61,"7946,8336,8407"
00:1A:DD:26:91:71,"7946,8336,8407"
00:1A:DD:26:96:61,7952
00:1A:DD:26:96:71,7952
00:1A:DD:26:98:41,7912
00:1A:DD:26:98:51,"3024,3085,7912,79xx,8425,8437,anderes"
00:1A:DD:26:99:31,7935
00:1A:DD:26:9A:01,"3102,3108,3113,7404,8333"
00:1A:DD:26:9A:61,8xxx
00:1A:DD:26:9A:71,8xxx
00:1A:DD:26:9C:71,"2xxx,Grund Bus H AL 2xxx"
00:1A:DD:26:9C:E1,"2503,2506,2547,2553,7901,7937,8314,8318,RH471,RH846"
00:1A:DD:26:9C:F1,"3002,3041,3094,7937,8318"
00:1A:DD:26:9D:61,"2xxx,7916,8413,PeinerStrasse"
00:1A:DD:26:9D:71,"2xxx,7916,8413,PeinerStrasse"
00:1A:DD:26:9F:41,"7950,HRH704,HRH809"
00:1A:DD:26:A0:41,"3051,3102,8317,83xx,8415,8425"
00:1A:DD:26:A0:51,"3051,3102,8317,83xx,8415,8425"
00:1A:DD:26:A0:C1,"7925,8303"
00:1A:DD:26:A0:D1,"7925,8303"
00:1A:DD:26:A1:41,"H AL 1660"
00:1A:DD:26:A1:51,"H AL 1660"
00:1A:DD:26:A1:F1,8322
00:1A:DD:26:A6:61,"83xx,84xx"
00:1A:DD:26:A6:71,"83xx,84xx"
00:1A:DD:28:70:C1,8300
00:1A:DD:28:70:D1,"8300,8314"
00:1A:DD:28:78:E1,"7904,8324,H AL 2315 Grund Lehrte"
00:1A:DD:28:78:F1,"7904,8324,H AL 2315 Grund Lehrte"
00:1A:DD:28:7A:41,"7919,7952"
00:1A:DD:28:7A:51,"7919,7952"
00:1A:DD:28:8E:E1,"3091,3095,3110,3131,3145"
00:1A:DD:28:8E:F1,"3095,3110,3145"
00:1A:DD:28:A8:E1,8416
00:1A:DD:28:AB:E1,"7920,840(6/8),84xx"
00:1A:DD:28:AB:F1,"7920,840(6/8),84xx"
00:1A:DD:28:AC:A1,"3016,3053,3106,3133"
00:1A:DD:28:AC:B1,"3106,Glocksee"
00:1A:DD:28:AD:61,8325
00:1A:DD:28:AD:E1,8436
00:1A:DD:28:AD:F1,8436
00:1A:DD:28:B0:11,"2503,2506,2547,2553,7901,7937,8314,8318,RH471,RH846"
00:1A:DD:28:B3:21,"7914?,7944,7948,794x,8332,8419"
00:1A:DD:28:B3:31,"7914?,794x"
00:1A:DD:28:B5:21,"7402,8437,8438"
00:1A:DD:28:B5:31,"7402,8437,8438"
00:1A:DD:28:B5:81,"8427,Buchholz,anderes"
00:1A:DD:28:B5:91,"8427,Buchholz,anderes"
00:1A:DD:28:BB:01,7909
00:1A:DD:28:BB:11,7909
00:1A:DD:28:BB:B1,8315
00:1A:DD:28:BB:C1,"8324,H AL 2315 Grund Lehrte"
00:1A:DD:28:BB:D1,"8324,H AL 2315 Grund Lehrte"
00:1A:DD:28:BC:11,"2547,2553,3146,7905,7947"
00:1A:DD:28:BD:21,8426
00:1A:DD:28:BD:31,8426
00:1A:DD:28:BD:41,8428
00:1A:DD:28:BD:51,"7947,8319,8420,8428"
00:1A:DD:28:C5:41,"3xx,76xx,7936,PeinerStr"
00:1A:DD:28:C5:51,"3xx,76xx,7936,PeinerStr"
00:1A:DD:28:C7:21,Hmm?
00:1A:DD:28:C7:31,Hmm?
00:1A:DD:28:C7:41,"Bus,aber nicht üstra?"
00:1A:DD:28:C7:51,"Bus,aber nicht üstra?"
00:1A:DD:28:C7:81,"2xxx,7916,8413,PeinerStrasse"
00:1A:DD:28:C7:91,"2xxx,7916,8413,PeinerStrasse"
00:1A:DD:28:C8:F1,"3075,3085,3092,8328,8419,H DA 1073"
00:1A:DD:28:CC:A1,"3040,3095,3122,8409"
00:1A:DD:28:CC:B1,8409
00:1A:DD:39:25:08,3058
00:1A:DD:39:59:68,"Bhf Doehren"
00:1A:DD:42:8B:31,"3056,3103,3xxx"
00:1A:DD:42:8B:B1,"3013,3048,3149,Misburger Str,Misburger Str."
00:1A:DD:42:8C:51,"2xxx,3076,3105,3142,3xxx"
00:1A:DD:42:8F:91,"3016,3107,3121"
00:1A:DD:42:93:C1,"3072,3111"
00:1A:DD:42:96:A1,"3129,3138,Bhf Doehren"
00:1A:DD:42:B4:11,"3127,EZW"
00:1A:DD:42:B6:81,"2006,2572,2574,3059,3090,3137,3146,3147"
00:1A:DD:42:B6:D1,"3018,3071,3083,3123"
00:1A:DD:42:B8:D1,"3079,3136,3146,3xxx"
00:1A:DD:42:C7:81,"2xxx,3023,3142,3xxx,Kröpcke"
00:1A:DD:42:C7:A1,"2043,2526,2537,3112,3117,3128,3145,3xxx,7927,7951,8329"
00:1A:DD:50:84:C2,Glocksee
00:1A:DD:50:84:C6,Glocksee
00:1A:DD:58:C8:C1,"2039,2528,2587,2589"
00:1A:DD:58:C8:D1,"2039,2528,2587,2589"
00:1A:DD:58:C9:21,"2560,2590"
00:1A:DD:58:C9:31,"2560,2590"
00:1A:DD:58:C9:61,"3015,3068,3078,3120,3133"
00:1A:DD:58:C9:71,8423
00:1A:DD:58:C9:E1,"2538,2588,2594"
00:1A:DD:58:C9:F1,"2538,2588,2594,25xx"
00:1A:DD:58:CA:61,"2040,2517,2583,2596,3129,3138"
00:1A:DD:58:CA:71,"2583,2596"
00:1A:DD:58:CB:31,2546
00:1A:DD:58:CB:61,"2540,2545"
00:1A:DD:58:CB:71,"2540,2545"
00:1A:DD:58:CB:B1,"2536,2585"
00:1A:DD:58:CB:D1,"3027,3147"
00:1A:DD:58:CC:21,"2016,2xxx"
00:1A:DD:58:CC:31,"2016,2xxx"
00:1A:DD:58:CC:C1,"2560,2590"
00:1A:DD:58:CC:D1,"2560,2590"
00:1A:DD:58:CC:E1,"2557,2576"
00:1A:DD:58:CC:F1,"2047,2557,2576"
00:1A:DD:58:CD:01,"3007,3075"
00:1A:DD:58:CD:11,3007
00:1A:DD:58:CE:81,"2043,2526,2537,3117,3128,3145"
00:1A:DD:58:CE:91,"2041,2047,2526,2537"
00:1A:DD:58:CF:01,"2039,2524,2575,3058,3118"
00:1A:DD:58:CF:61,"2xxx,3076,3120,3133,3xxx"
00:1A:DD:58:CF:71,"2xxx,3076,3105,3142,3xxx"
00:1A:DD:58:CF:D1,"2505,2521,2546,2xxx"
00:1A:DD:58:D1:21,"2547,2553"
00:1A:DD:58:D1:31,"2547,2553"
00:1A:DD:58:D1:B1,"3013,3048,3149,7947,8306,8307,8335,8337,Misburger Str,Misburger Str."
00:1A:DD:58:D2:81,"2012,2013"
00:1A:DD:58:D2:91,"2012,2013"
00:1A:DD:58:D3:31,"2568,2587"
00:1A:DD:58:D3:C1,"2531,2561,2593,3047,3099,8317"
00:1A:DD:58:D3:D1,"1132,2531,2593,25xx,7419"
00:1A:DD:58:D4:E1,"2561,2593,3047,3099,8317"
00:1A:DD:58:D4:F1,"(wahrsch. 2534),2534,2561,25xx"
00:1A:DD:58:D5:01,"2030,2038,2525,2543,2558,2577,2584"
00:1A:DD:58:D5:11,"2030,2038,2525,2543,2558,2577,2584"
00:1A:DD:58:D5:31,"2539,2541"
00:1A:DD:58:D5:61,"2516,2566"
00:1A:DD:58:D5:C1,"3066,3082,3088"
00:1A:DD:58:D6:61,"2009,2012,2018,2543,2558"
00:1A:DD:58:D6:81,"2562,2580"
00:1A:DD:58:D8:71,"2575,2592"
00:1A:DD:58:D9:F1,"3004,3064,3076,3104,3105,3137,3142"
00:1A:DD:58:DA:41,"2531,2593"
00:1A:DD:58:DA:51,"2531,2593"
00:1A:DD:58:DA:E1,"2523,2535"
00:1A:DD:58:DA:F1,2523
00:1A:DD:58:DB:01,"2503,2506"
00:1A:DD:58:DB:31,"3069,3124,3141"
00:1A:DD:58:DB:61,"2511,2513"
00:1A:DD:58:DB:71,"2511,2513"
00:1A:DD:58:DB:91,"2010,2501,2502,3066,3090,3092,3113"
00:1A:DD:58:DC:21,"2529,2548"
00:1A:DD:58:DC:51,"2022,2034"
00:1A:DD:58:DC:C1,2519
00:1A:DD:58:DC:D1,"2519,2564"
00:1A:DD:58:DD:01,"3047,3099"
00:1A:DD:58:DD:11,"3047,3099"
00:1A:DD:58:DD:F1,"3010,3102"
00:1A:DD:58:DE:11,"2554,2555"
00:1A:DD:58:DE:A1,"2572,2574"
00:1A:DD:58:DE:B1,"2026,2572,2574"
00:1A:DD:58:E0:51,2584
00:1A:DD:58:E0:E1,2011
00:1A:DD:58:E1:21,"2554,2555"
00:1A:DD:58:E1:31,"2554,2555"
00:1A:DD:58:E1:71,"3030,3094"
00:1A:DD:58:E2:31,"3077,3144,3xxx"
00:1A:DD:58:E2:41,"2036,2534,2567"
00:1A:DD:58:E2:51,"2036,2534,2567"
00:1A:DD:58:E2:D1,"2025,2533,2541,3105"
00:1A:DD:58:E2:E1,"2557,2576"
00:1A:DD:58:E2:F1,"2557,2576"
00:1A:DD:58:E3:31,"3021,3038"
00:1A:DD:58:E3:F1,2017
00:1A:DD:58:E4:01,2548
00:1A:DD:58:E4:11,2548
00:1A:DD:58:E4:51,"2578,2586"
00:1A:DD:58:E4:61,"2035,2549,2562"
00:1A:DD:58:E4:71,2047
00:1A:DD:58:E5:71,"2522,2533"
00:1A:DD:58:E5:81,"2503,2506"
00:1A:DD:58:E5:91,"2503,2506"
00:1A:DD:58:E6:11,"2552,2567"
00:1A:DD:58:E6:91,2515
00:1A:DD:58:E7:01,"2523,2535"
00:1A:DD:58:E7:11,"2019,2523,2535,3022,3098"
00:1A:DD:58:E7:A1,"2019,2582,2594,8318"
00:1A:DD:58:E7:B1,Glocksee
00:1A:DD:58:E8:11,3075
00:1A:DD:58:E9:21,"3044,3064,3070,3073,3094,3095,3125"
00:1A:DD:58:E9:31,"3025,3072"
00:1A:DD:58:E9:41,"2547,2553"
00:1A:DD:58:E9:51,"2547,2553"
00:1A:DD:58:E9:61,"3004,3044,3064,3076,3105,3137,3142"
00:1A:DD:58:EA:A1,"2543,2558"
00:1A:DD:58:EB:D1,"2520,2570,wahrsch.2520"
00:1A:DD:58:EC:01,"2528,2556,2581"
00:1A:DD:58:EC:11,"2556,2581"
00:1A:DD:58:EC:A1,"2018,2516,2566,3068,3086,3097"
00:1A:DD:58:EC:B1,"3068,3086,3097"
00:1A:DD:58:EC:D1,"2019,2031"
00:1A:DD:58:ED:51,"2016,2032"
00:1A:DD:5D:DC:E1,"BMS Leibniz Universität??? (keine Bahn)"
00:1A:DD:5D:DC:E4,"BMS Leibniz Universität??? (keine Bahn)"
00:1A:DD:5D:F6:C4,"3069,3124,3128,Herrenhäuser Gärten"
00:1A:DD:5D:F6:D4,"3034,3057,RTLS Appelstraße,RTLS Schneiderberg"
00:1A:DD:5D:F6:D5,"BMS Herrenhäuser Gärten?"
00:1A:DD:5E:12:95,"BMS Herrenhäuser Gärten?"
00:1A:DD:5E:12:B4,"7931,RTLS Appelstraße"
00:1A:DD:5E:12:B5,"3069,3124,3128,Herrenhäuser Gärten"
00:1A:DD:5E:12:F5,"BMS Leibniz Universität??? (keine Bahn)"
00:1A:DD:5E:13:04,"RTLS Leibniz Universität,RTLS Steintor"
00:1A:DD:5E:13:14,"3026,3087,RTLS Leibniz Universität"
00:1A:DD:5E:13:15,"BMS Leibniz Universität??? (keine Bahn)"
00:1A:DD:5E:13:C4,"BMS Leibniz Universität??? (keine Bahn)"
00:1A:DD:5E:13:D5,"BMS Leibniz Universität??? (keine Bahn)"
00:1A:DD:5E:14:C4,"BMS Leibniz Universität??? (keine Bahn)"
00:1A:DD:5E:14:D5,"BMS Leibniz Universität??? (keine Bahn)"
00:1A:DD:68:B8:41,"3043,3061,3139"
00:1A:DD:68:B8:51,"3043,3061,3139"
00:1A:DD:6E:76:31,"3083,3140"
00:1B:2B:37:AF:E0,"Leibniz Universität"
00:1B:2B:37:AF:EB,"Leibniz Universität"
00:1B:2B:37:AF:ED,"Leibniz Universität"
00:1B:2B:37:AF:EE,"Leibniz Universität"
00:1C:58:AF:7F:B0,"ICE Tz 9002 FS"
00:1D:19:8E:4F:28,Glocksee
00:1D:A1:90:E7:80,"3045,3068,Appelstraße"
00:1D:A1:90:E7:81,"3045,3068,Appelstraße"
00:1D:A1:90:E7:82,"3045,3068,Appelstraße"
00:1D:A1:90:E7:8B,"3045,3068,Appelstraße"
00:1D:A1:90:E7:8D,"3045,3068,Appelstraße"
00:1D:A1:90:E7:8E,"3045,3068,Appelstraße"
00:1D:A1:90:E7:8F,"3045,3068,Appelstraße"
00:1D:AA:3E:6F:B2,"3045,3068,Appelstraße"
00:1D:AA:3E:6F:B3,"3045,3068,Appelstraße"
00:24:FE:A2:5C:CA,"3xxx,RTLS Kröpcke"
00:27:22:9A:69:EB,"Glocksee,Regiobus"
00:3A:9A:26:51:51,"Göttingen,ICE Tz Freilassing 85"
00:3A:9A:48:F9:40,"KVV811,KVV904,Karlsruhe Hbf"
00:90:7F:B3:5E:C3,"RegioBus Wunstorf"
00:90:7F:B3:61:2A,"RegioBus Wunstorf"
00:90:7F:B3:61:2B,"RegioBus Wunstorf"
00:A0:57:15:B7:71,Glocksee
00:A0:57:16:3B:27,"3xxx,RTLS Kröpcke"
00:A0:57:24:28:69,Glocksee
00:A0:57:24:DF:02,Glocksee
00:A0:57:24:DF:A6,Glocksee
00:A0:57:2A:D0:66,Doehren
00:A0:57:2A:D0:83,Doehren
00:A0:57:2A:DC:BB,"Bhf Doehren"
00:A0:57:2A:DD:B4,"Bhf Doehren"
00:A0:57:2A:DE:81,Doehren
00:A0:57:2D:A3:15,Glocksee
00:A0:57:2D:A3:B3,"Bhf Vahrenwald,Bus"
00:A0:57:2D:A4:F8,"2xxx,7409,ÜSTRA Betriebshof Glocksee"
00:A0:57:2D:F8:5C,"Üstra Zentrale"
00:A0:57:35:C8:BD,"Üstra Zentrale"
00:A0:57:35:CD:73,"Üstra Zentrale"
00:A0:57:37:DF:AB,Göttingen
00:A0:57:37:E0:2B,"Göttingen,Göttingen Bahnhof"
00:A0:57:3F:DB:91,"Hannover Hbf,ICE Tz 9002"
00:A0:57:40:30:09,Glocksee
00:A3:8E:26:B4:F0,"DB Regio,Hannover Hbf"
00:A3:8E:C2:8B:50,"DB Regio VT"
00:A6:CA:5A:70:AC,"Karlsruhe Hbf"
00:A6:CA:5A:70:AF,"Karlsruhe Hbf"
00:BE:75:26:B3:22,"ICE Tz 9002 FS"
00:BE:75:33:18:52,"ICE Tz 9002 FS"
00:BE:75:7B:30:82,"ICE Tz 9002 FS"
00:BE:75:88:1F:F2,"ICE Tz 9002 FS"
00:E0:20:6C:C8:B1,Glocksee
00:FC:BA:EB:B5:F0,"DB Regio SH Dosto Taufname Ostholstein,Lübeck Hbf"
00:FC:BA:F7:F6:80,"648456/956,DB Regio SH Dosto Taufname Ostholstein,Dosto mit Taufname Ostholstein,Lübeck Hbf"
02:02:6F:53:81:CE,"3024,3085,79xx,8425,8427,8437,Buchholz,anderes"
02:02:6F:66:8B:4D,"25xx,7404,7421,Bhf Vahrenwald,Bus"
02:02:6F:66:8C:3D,"2527,2548,2555,2586,BH Glocksee,RH574"
02:02:6F:66:8C:40,"2527,2548,2555,2586,BH Glocksee,RH574"
02:02:6F:66:8C:43,"Bhf Vahrenwald,Bus"
02:02:6F:66:8C:57,"Bhf Vahrenwald,Bus"
02:02:6F:66:8C:5A,Doehren
02:02:6F:66:8D:92,"Bhf Vahrenwald,Bus"
02:02:6F:66:8F:57,"RTLS wo?"
02:02:6F:75:6C:92,Doehren
02:02:6F:75:6D:6E,Doehren
02:02:6F:75:6D:9D,"20xx,Bhf Vahrenwald,Bus"
02:02:6F:75:6D:BC,Glocksee
02:02:6F:75:6D:C4,Doehren
02:02:6F:75:70:15,"BMS R,bruch"
02:02:6F:75:70:17,"BMS R,bruch"
02:02:6F:75:70:18,"2xxx,7409,ÜSTRA Betriebshof Glocksee"
02:02:6F:75:70:28,"2520,2530,7409,ÜSTRA Betriebshof Glocksee"
02:0E:8E:49:25:BA,"ICE Tz Freilassing,Kassel WilhelmshÃ¶he"
02:0E:8E:6E:1E:7A,"Hannover Hbf,ICE Tz 243,Tz 219"
02:0E:8E:6E:1E:F1,"ICE Tz 236 Jüterbog;Hannover Hbf,ICE Tz 239 Essen"
02:0E:8E:6E:20:54,"Hannover Hbf,ICE Tz 243,Tz 219"
02:0E:8E:6E:20:55,"Hannover Hbf,ICE Tz 243,Tz 219"
02:0E:8E:6E:20:EB,"Hannover Hbf,ICE Tz 243,Tz 219"
02:0E:8E:6E:21:81,"Hannover Hbf,ICE Tz 73"
02:0E:8E:6E:23:73,"Hannover Hbf,ICE Tz 73"
02:0E:8E:6E:24:4C,"Hannover Hbf,ICE Tz 73"
02:0E:8E:6E:26:B9,"Hannover Hbf,ICE Tz 243,Tz 219"
02:0E:8E:6E:2A:99,"Hannover Hbf,ICE Tz 73"
02:0E:8E:6E:2A:9C,"ICE Tz Freilassing 85"
02:0E:8E:6E:2A:A8,"Hannover Hbf,ICE Tz 73"
02:0E:8E:6E:2A:C4,"Hannover Hbf,ICE Tz 73"
02:0E:8E:6E:40:CF,"Dosto mit Taufname Ostholstein,ICE Taufname Tutzing,Lübeck Hbf"
02:0E:8E:6E:40:E2,"""61 80 20-91 321-5"",Tz 1127"
02:0E:8E:6E:42:51,"""61 80 20-91 321-5"",Tz 1127"
02:0E:8E:6E:43:BF,"Hannover Hbf,ICE Tz 73"
02:0E:8E:6E:44:32,"ICE (sicher)"
02:0E:8E:6E:44:C6,"Hannover Hbf,ICE Tz 243,Tz 219"
02:0E:8E:6E:45:10,"Hannover Hbf,ICE Tz 243,Tz 219"
02:0E:8E:6E:45:7E,"Dosto mit Taufname Ostholstein,ICE Taufname Tutzing,Lübeck Hbf"
02:0E:8E:6E:45:F5,"Dosto mit Taufname Ostholstein,ICE Taufname Tutzing,Lübeck Hbf"
02:0E:8E:6E:46:13,"Dosto mit Taufname Ostholstein,ICE Taufname Tutzing,Lübeck Hbf"
02:0E:8E:6E:46:2C,"Hannover Hbf,ICE Tz9007,Tz1174"
02:0E:8E:6E:46:56,"ICE Tz Ellwangen,Lüneburg Bahnhof"
02:0E:8E:6E:46:78,"ICE Tz Ellwangen,Lüneburg Bahnhof"
02:0E:8E:6E:46:7A,"Hannover Hbf,ICE Tz9007,Tz1174"
02:0E:8E:6E:46:99,"ICE Tz1502,Kassel Wilhelmshöhe,Tz1522"
02:0E:8E:6E:46:9C,"ICE Tz1502,Kassel Wilhelmshöhe,Tz1522"
02:0E:8E:6E:46:AB,"Hannover Hbf,ICE Tz 243,Tz 219"
02:0E:8E:6E:46:B7,"Dosto mit Taufname Ostholstein,ICE Taufname Tutzing,Lübeck Hbf"
02:0E:8E:6E:46:C0,"Hannover Hbf,ICE Tz 243,Tz 219"
02:0E:8E:6E:46:C3,"Dosto mit Taufname Ostholstein,ICE Taufname Tutzing,Lübeck Hbf"
02:0E:8E:6E:46:C9,"ICE Tz 236 Jüterbog;Hannover Hbf,ICE Tz 239 Essen"
02:0E:8E:6E:47:10,"""61 80 20-91 321-5"",Tz 1127"
02:0E:8E:6E:47:2D,"Hannover Hbf,ICE Tz 73"
02:0E:8E:6E:47:69,"""61 80 20-91 321-5"",Tz 1127"
02:0E:8E:6E:48:FB,"""61 80 20-91 321-5"",Tz 1127"
02:0E:8E:6E:49:E5,"Hannover Hbf,ICE Tz 73"
02:0E:8E:6E:49:F7,"""61 80 20-91 321-5"",Tz 1127"
02:0E:8E:6E:4A:A6,"Hannover Hbf,ICE Tz 73"
02:0E:8E:6E:4D:2A,"Hannover Hbf,ICE Tz 73"
02:0E:8E:6E:4F:61,"ICE Tz Ellwangen,Lüneburg Bahnhof"
02:0E:8E:6E:4F:9C,"Hannover Hbf,ICE Hamm Westf.,ICE Wuppertal Tz 202"
02:0E:8E:6E:4F:EB,"ICE Tz 104,Kassel-Wilhelmshöhe"
02:0E:8E:6E:51:B2,"ICE Tz 110 Gelsenkirchen"
02:0E:8E:6E:53:0E,"ICE Tz 110 Gelsenkirchen"
02:0E:8E:6E:57:0F,"ICE Tz1502,Kassel Wilhelmshöhe,Tz1522"
02:0E:8E:6E:57:C6,"Hannover Hbf,ICE Tz9007,Tz1174"
02:0E:8E:6E:57:CA,"Hannover Hbf,ICE Tz9007,Tz1174"
02:0E:8E:6E:58:D5,"Hannover Hbf,ICE Tz 243,Tz 219"
02:0E:8E:6E:58:D6,"Hannover Hbf,ICE Tz 243,Tz 219"
02:0E:8E:6E:58:E9,"Hannover Hbf,ICE Tz 243,Tz 219"
02:0E:8E:6E:61:93,"ICE Tz 110 Gelsenkirchen"
02:0E:8E:6E:62:87,"Hannover Hbf,ICE Tz9007,Tz1174"
02:0E:8E:6E:62:89,"Hannover Hbf,ICE Tz9007,Tz1174"
02:0E:8E:6E:62:8A,"Hannover Hbf,ICE Tz9007,Tz1174"
02:0E:8E:70:04:19,"DB Regio 612 022,Göttingen,ICE Tz Altenburg"
02:0E:8E:70:04:95,"Hannover Hbf,ICE Tz 165"
02:0E:8E:70:04:F4,"Hannover Hbf,ICE Tz 234"
02:0E:8E:70:04:F5,"Hannover Hbf,ICE Tz 234"
02:0E:8E:70:05:03,"Hannover Hbf,ICE Tz9007,Tz1174"
02:0E:8E:70:82:37,"ICE Tz1502,Kassel Wilhelmshöhe,Tz1522"
02:0E:8E:70:83:25,"Hannover Hbf,ICE Tz9007,Tz1174"
02:0E:8E:70:83:7E,"ICE Tz1502,Kassel Wilhelmshöhe"
02:0E:8E:70:83:80,"ICE Tz1502,Kassel WilhelmshÃ¶he,Tz1522"
02:0E:8E:70:83:D9,"ICE Tz1502,Kassel WilhelmshÃ¶he,Tz1522"
02:0E:8E:70:83:DA,"ICE Tz1502,Kassel Wilhelmshöhe,Tz1522"
02:0E:8E:70:85:B9,"ICE Tz1502,Kassel Wilhelmshöhe,Tz1522"
02:0E:8E:70:85:C3,"ICE Tz1502,Kassel Wilhelmshöhe,Tz1522"
02:0E:8E:70:9B:99,"Hannover Hbf,ICE Tz 73"
02:0E:8E:70:9E:A9,"Hannover Hbf,ICE Tz 73"
02:0E:8E:70:A8:41,"Hannover Hbf,ICE Tz 1506"
02:0E:8E:70:A8:49,"Hannover Hbf,ICE Tz 73"
02:0E:8E:70:A8:88,"Hannover Hbf,ICE Tz 1506"
02:0E:8E:70:A8:BC,"ICE Tz Altenburg,Kassel WilhelmshÃ¶he"
02:0E:8E:70:A8:D2,"Hannover Hbf,ICE Tz9007,Tz1174"
02:0E:8E:70:A8:D9,"ICE Tz 228 Altenburg,Kassel WilhelmshÃ¶he"
02:0E:8E:70:C4:82,"ICE Tz 236 Jüterbog;Hannover Hbf,ICE Tz 239 Essen"
02:0E:8E:70:C4:88,"ICE Tz 236 Jüterbog;Hannover Hbf,ICE Tz 239 Essen"
02:0E:8E:70:C5:25,"Hannover Hbf,ICE Tz 1158,ICE Tz Bingen am Rhein"
02:0E:8E:70:C5:2A,"""61 80 20-91 321-5"",Tz 1127"
02:0E:8E:70:C5:34,"Hannover Hbf,ICE Tz 1506"
02:0E:8E:70:C6:70,"Hannover Hbf,ICE Tz 73"
02:0E:8E:71:04:48,"Hannover Hbf,ICE Tz 243"
02:0E:8E:71:04:58,"Hannover Hbf,ICE Tz 243"
02:0E:8E:71:04:B9,"Hannover Hbf,ICE Tz 73"
02:0E:8E:71:05:62,"Hannover Hbf,ICE Tz 243"
02:0E:8E:71:05:F7,"""61 80 20-91 321-5"",Tz 1127"
02:0E:8E:71:06:56,"Hannover Hbf,ICE Tz 243"
02:0E:8E:71:06:DD,"Hannover Hbf,ICE Tz 243"
02:0E:8E:71:07:1B,"Hannover Hbf,ICE Tz 1506"
02:0E:8E:71:07:4B,"Hannover Hbf,ICE Tz 243"
02:0E:8E:71:07:DC,"Hannover Hbf,ICE Tz 1506"
02:0E:8E:71:07:EE,"ICE Tz Ellwangen,Lüneburg Bahnhof"
02:0E:8E:71:07:F1,"ICE Tz Ellwangen 1168,Lüneburg Bahnhof"
02:0E:8E:71:08:0C,"Dosto mit Taufname Ostholstein,ICE Taufname Tutzing,Lübeck Hbf"
02:0E:8E:71:08:5A,"Hannover Hbf,ICE Tz 243"
02:0E:8E:71:08:5C,"Hannover Hbf,ICE Tz 243"
02:0E:8E:71:08:DA,"ICE Tz 228 Altenburg,Kassel Wilhelmshöhe"
02:0E:8E:71:09:01,"Hannover Hbf,ICE Tz Bingen am Rhein"
02:0E:8E:71:09:B0,"Hannover Hbf,ICE Tz 243"
02:0E:8E:71:09:E3,"Hannover Hbf,ICE Tz 234"
02:0E:8E:71:0A:81,"Hannover Hbf,ICE Tz 234"
02:0E:8E:71:0A:94,"Hannover Hbf,ICE Tz 1506"
02:0E:8E:71:0B:BD,"Hannover Hbf,ICE Tz 234"
02:0E:8E:71:0C:E8,"Hannover Hbf,ICE Tz 1506"
02:0E:8E:71:0C:EC,"Hannover Hbf,ICE Tz 1506"
02:0E:8E:71:10:99,"Hannover Hbf,ICE Tz 243"
02:0E:8E:71:11:27,"Hannover Hbf,ICE Tz 234"
02:0E:8E:71:11:83,"Hannover Hbf,ICE Tz 243"
02:0E:8E:71:11:87,"Hannover Hbf,ICE Tz 243"
02:0E:8E:72:B1:C7,"ICE Tz Altenburg,Kassel WilhelmshÃ¶he"
02:0E:8E:72:CB:A7,"ICE Tz 104 ""Fulda"",Kassel-Wilhelmshöhe"
02:0E:8E:72:CC:08,"ICE Tz 104 ""Fulda"",Kassel-Wilhelmshöhe"
02:0E:8E:72:D3:97,"ICE Tz 104 ""Fulda"",Kassel-Wilhelmshöhe"
02:0E:8E:75:65:52,"DB Regio Frankfurt,Frankfurt Main Süd,HLBahn"
02:1D:AA:3C:6F:B2,"3045,3068,Appelstraße"
02:23:08:27:17:D3,Glocksee
02:90:7F:B3:5D:39,"RegioBus Wunstorf"
02:90:7F:B3:5E:C3,"RegioBus Wunstorf"
02:90:7F:B3:61:2A,"RegioBus Wunstorf"
02:90:7F:B3:61:2B,"RegioBus Wunstorf"
02:A0:57:15:B7:71,"2527,2548,2555,2586,BH Glocksee,RH574"
02:A0:57:16:3E:15,"3xxx,RTLS Kröpcke"
02:A0:57:24:DF:02,Glocksee
02:A0:57:24:DF:A6,Glocksee
02:A0:57:2A:D0:66,Doehren
02:A0:57:2A:D0:83,Doehren
02:A0:57:2A:D2:4A,Doehren
02:A0:57:2A:DD:B4,"Bhf Doehren"
02:A0:57:2A:DE:81,Doehren
02:A0:57:2A:DF:C2,"Bhf Doehren"
02:A0:57:2D:A3:B3,"Bhf Vahrenwald,Bus"
02:A0:57:2D:F8:5C,"Üstra Zentrale"
02:A0:57:35:C8:BD,"Üstra Zentrale"
02:A0:57:35:CD:73,"Üstra Zentrale"
02:A0:57:37:E0:2B,"Göttingen,Göttingen Bahnhof"
02:A0:57:40:30:09,Glocksee
04:35:3B:C3:AB:7F,Glocksee
04:53:7C:2D:16:37,Glocksee
04:53:7C:93:8B:6A,Glocksee
04:A2:22:4A:63:80,"3045,3068,Appelstraße"
04:A2:22:4A:63:83,"3045,3068,Appelstraße"
04:F0:21:21:8C:CC,"Bahnhof Fulda,WestBahn"
04:F0:21:27:24:94,"Irgendein Fahrzeug in Lübeck"
04:F0:21:27:24:9A,"Irgendein Fahrzeug in Lübeck"
04:F0:21:27:24:A6,"Irgendein Fahrzeug in Lübeck"
04:F0:21:2B:54:65,"KVV 309,KVV 905,KVV 920"
04:F0:21:2B:54:66,"KVV 309,KVV 905,KVV 920"
04:F0:21:2B:54:75,KVV878
04:F0:21:2B:54:76,KVV878
04:F0:21:33:43:3D,"KVV 309,KVV 905,KVV 920"
04:F0:21:33:43:3E,"KVV 309,KVV 905,KVV 920"
04:F0:21:33:44:75,"KVV862,KVV874"
04:F0:21:33:44:76,"KVV862,KVV874"
04:F0:21:33:44:81,"KVV862,KVV874"
04:F0:21:33:44:82,"KVV862,KVV874"
04:F0:21:33:44:85,KVV837
04:F0:21:34:A6:AD,"KVV929,KVV954"
04:F0:21:34:A6:AE,"KVV929,KVV954"
04:F0:21:34:A6:B1,"KVV929,KVV954"
04:F0:21:34:A6:B2,"KVV929,KVV954"
04:F0:21:34:B3:99,"KVV811,KVV904,Karlsruhe Hbf"
04:F0:21:3A:C0:86,"Privates Cargo EVU"
04:F0:21:3A:C0:8F,"Privates Cargo EVU"
04:F0:21:41:7F:2B,"Regiobus RH 512"
04:F0:21:45:66:2C,"648xxx,Lübeck Hochschul-Stadtteil"
04:F0:21:45:66:2D,"648xxx,Lübeck Flughafen (DB)"
04:F0:21:45:87:98,"648 453/953"
04:F0:21:45:EF:DE,Westfalenbahn
04:F0:21:46:08:DD,Westfalenbahn
04:F0:21:46:08:DE,Westfalenbahn
04:F0:21:49:16:1E,"Irgendein Fahrzeug bei Lübeck"
04:F0:21:49:1B:7C,"Irgendein Fahrzeug in Lübeck"
04:F0:21:49:23:32,"Irgendein Fahrzeug in Lübeck"
04:F0:21:49:23:90,"HL LV 1179 Bus 179"
04:F0:21:49:23:FD,"Irgendein Fahrzeug in Lübeck"
04:F0:21:49:24:0F,"HL LV xxxx Bus 503"
04:F0:21:49:24:55,"Irgendein Fahrzeug bei Lübeck"
04:F0:21:49:24:63,"Irgendein Fahrzeug in Lübeck"
04:F0:21:49:28:02,"Irgendein Fahrzeug in Lübeck"
04:F0:21:49:2D:2A,"Irgendein Fahrzeug in Lübeck"
04:F0:21:49:2D:32,"Irgendein Fahrzeug in Lübeck"
04:F0:21:49:2D:53,"Irgendein Fahrzeug in Lübeck"
04:F0:21:49:31:61,"Irgendein Fahrzeug in Lübeck"
04:F0:21:49:3B:A6,"Irgendein Fahrzeug in Lübeck"
04:F0:21:49:3E:43,"Irgendein Fahrzeug in Lübeck"
04:F0:21:49:3E:44,"Irgendein Fahrzeug in Lübeck"
04:F0:21:4B:7E:A1,"648xxx,Ratzeburg(DB)"
04:F0:21:4B:80:16,"648xxx,Ratzeburg(DB)"
04:F0:21:4B:81:09,"Lauenburg Elbe (DB)"
04:F0:21:4B:81:1C,"648 962/462 sicher!"
04:F0:21:4B:84:9F,"648xxx,Büchen Bahnhof"
04:F0:21:4B:FC:90,"Hannover Hbf,Westfalenbahn ET 609"
04:F0:21:4B:FC:AB,"Hannover Hbf,Westfalenbahn ET 609"
04:F0:21:4B:FC:B0,"Hannover Hbf,Westfalenbahn ET 609"
04:F0:21:4B:FC:B1,"Hannover Hbf,ICE Tz 9002,Westfalenbahn ET 609"
04:F0:21:51:6B:96,Regiobus
04:F0:21:51:6C:2C,RH815
04:F0:21:51:71:12,"Hannover Hbf,Westfalenbahn ET 609"
04:F0:21:51:71:16,"Hannover Hbf,ICE Tz Bingen am Rhein,Westfalenbahn ET 609"
04:F0:21:55:FD:51,"Hannover Hbf,Westfalenbahn ET 609"
04:F0:21:55:FD:62,"RH689,RH692"
04:F0:21:55:FD:82,"RH305,RH308,RH384,RH492,RH718"
04:F0:21:55:FD:92,"H RH 649,H RH 742,H RH 805"
04:F0:21:55:FD:AD,"RH635,RH828"
04:F0:21:55:FD:AE,"RH310,RH730"
04:F0:21:55:FD:EA,"RH 505"
04:F0:21:56:07:D9,"H RH 601"
04:F0:21:56:09:0A,"Hannover Hbf,Westfalenbahn ET 609"
04:F0:21:56:09:3B,"Hannover Hbf,Westfalenbahn ET 609"
04:F0:21:56:0F:DE,"RH595,RH760"
04:F0:21:56:0F:E0,"RH310,RH730"
04:F0:21:56:0F:E6,"RH352,RH465,RH885"
04:F0:21:56:0F:EE,"RH 381"
04:F0:21:56:0F:EF,"7950,HRH704,HRH809"
04:F0:21:56:0F:F0,"384,492,Regiobus RH 305"
04:F0:21:56:0F:F3,"H RH 380"
04:F0:21:56:0F:FB,"H RH 760"
04:F0:21:56:10:01,"2507,2514,HRH523"
04:F0:21:56:10:0B,Regiobus
04:F0:21:56:10:11,"RH593,RH633"
04:F0:21:56:10:37,"H RH 661"
04:F0:21:56:20:08,"Hannover Hbf,Westfalenbahn ET 609"
04:F0:21:56:20:18,"Hannover Hbf,Westfalenbahn ET 609"
04:F0:21:56:20:27,"Hannover Hbf,Westfalenbahn ET 609"
04:F0:21:56:20:2F,"Hannover Hbf,Westfalenbahn ET 609"
04:F0:21:56:20:57,"Hannover Hbf,Westfalenbahn ET 609"
04:F0:21:56:20:6D,"RH696,sec"
04:F0:21:56:24:AB,"Hannover Hbf,ICE Tz 9002,Westfalenbahn ET 609"
04:F0:21:5D:4A:68,"2527,2548,2555,2586,BH Glocksee,RH574"
06:02:6F:66:8B:50,"2009,2011"
06:02:6F:66:8D:9D,"2009,2011"
06:0E:8E:49:25:BA,"ICE Tz Freilassing,Kassel WilhelmshÃ¶he"
06:0E:8E:6E:24:57,"ICE Tz 236 Jüterbog;Hannover Hbf,ICE Tz 239 Essen"
06:0E:8E:6E:25:56,"ICE Tz Ellwangen,Lüneburg Bahnhof"
06:0E:8E:6E:25:BA,"ICE Tz 236 Jüterbog;Hannover Hbf,ICE Tz 239 Essen"
06:0E:8E:6E:40:AC,"ICE Tz 104 ""Fulda"" FS"
06:0E:8E:6E:42:51,"""61 80 20-91 321-5"",Tz 1127"
06:0E:8E:6E:44:49,"Dosto mit Taufname Ostholstein,ICE Taufname Tutzing,Lübeck Hbf"
06:0E:8E:6E:45:16,"ICE Tz Freilassing 85"
06:0E:8E:6E:45:F5,"Dosto mit Taufname Ostholstein,ICE Taufname Tutzing,Lübeck Hbf"
06:0E:8E:6E:46:13,"Dosto mit Taufname Ostholstein,ICE Taufname Tutzing,Lübeck Hbf"
06:0E:8E:6E:46:1B,"ICE Tz 236 Jüterbog;Hannover Hbf,ICE Tz 239 Essen"
06:0E:8E:6E:46:78,"ICE Tz Ellwangen,Lüneburg Bahnhof"
06:0E:8E:6E:46:9C,"ICE Tz1502,Kassel Wilhelmshöhe,Tz1522"
06:0E:8E:6E:51:B2,"ICE Tz 110 Gelsenkirchen"
06:0E:8E:6E:61:93,"ICE Tz 110 Gelsenkirchen"
06:0E:8E:70:04:19,"DB Regio 612 022,Göttingen,ICE Tz Altenburg"
06:0E:8E:70:05:04,"ICE Tz 104 ""Fulda"" FS"
06:0E:8E:70:82:37,"ICE Tz1502,Kassel Wilhelmshöhe,Tz1522"
06:0E:8E:70:83:7E,"ICE Tz1502,Kassel Wilhelmshöhe,Tz1522"
06:0E:8E:70:C4:88,"ICE Tz 236 Jüterbog;Hannover Hbf,ICE Tz 239 Essen"
06:0E:8E:70:C5:2A,"""61 80 20-91 321-5"",Tz 1127"
06:0E:8E:71:07:78,"ICE Tz 228 Altenburg,Kassel WilhelmshÃ¶he"
06:0E:8E:71:07:EE,"ICE Tz Ellwangen 1168,Lüneburg Bahnhof"
06:0E:8E:71:0C:ED,"Hannover Hbf,ICE Tz 1158,ICE Tz Bingen am Rhein"
06:0E:8E:75:65:52,"DB Regio Frankfurt,Frankfurt Main Süd,HLBahn"
06:0E:8E:75:65:6B,"DB Regio Frankfurt,Frankfurt Main Süd,HLBahn"
06:0E:8E:78:65:08,"ICE Tz Freilassing,Kassel WilhelmshÃ¶he"
06:53:7C:0E:F8:82,8315
06:53:7C:2D:16:38,Glocksee
06:90:E8:40:48:54,"Hannover Hbf,ICE Tz 9002"
06:90:E8:40:48:5D,"Hannover Hbf,ICE Tz 9002"
06:90:E8:6D:95:FC,"ICE Tz Freilassing 85"
06:A0:57:16:3B:27,"3xxx,RTLS Kröpcke"
06:A0:57:16:3E:15,"3xxx,RTLS Kröpcke"
06:A0:57:22:1B:CE,"2527,2548,2555,2586,BH Glocksee,RH574"
06:A0:57:24:DF:02,Glocksee
06:A0:57:2A:D0:66,Doehren
06:A0:57:2A:D0:83,Doehren
06:A0:57:2A:DE:81,Doehren
06:A0:57:2D:A2:A8,Glocksee
06:A0:57:2D:A3:B3,"Bhf Vahrenwald,Bus"
06:A0:57:2D:AC:2C,"BH Glocksee"
06:A0:57:2D:B8:FE,"Hannover Hbf,ICE Tz 9002"
06:A0:57:2D:F8:5C,"Üstra Zentrale"
06:A0:57:30:C2:E0,"Hannover Hbf,ICE Tz 9002"
06:A0:57:39:B6:6B,"Hannover Hbf,ICE Tz 9002"
06:A0:57:39:B6:8F,"Hannover Hbf,ICE Tz 9002"
06:A0:57:39:E1:0F,"Hannover Hbf,ICE Tz 9002"
06:A0:57:3F:DB:91,"Hannover Hbf,ICE Tz 9002"
06:A0:57:40:25:88,"Hannover Hbf,ICE Tz 9002"
06:A0:57:40:30:09,Glocksee
06:A2:22:4A:63:80,"3045,3068,Appelstraße"
06:A2:22:4A:63:81,"3045,3068,Appelstraße"
06:A2:22:4A:63:82,"3045,3068,Appelstraße"
06:A2:22:4A:63:83,"3045,3068,Appelstraße"
06:F0:21:45:F0:D2,"Gehört zu Westfalenbahn?"
06:F0:21:46:08:DD,"Gehört zu Westfalenbahn?"
06:F0:21:4B:FC:8D,"Kundencenter Kleefeld? Gibt es das?"
08:4F:A9:F6:52:00,"DB Regio Frankfurt,Frankfurt Main Süd,HLBahn"
08:4F:A9:F6:52:02,"DB Regio Frankfurt,Frankfurt Main Süd,HLBahn"
08:4F:A9:F6:5C:00,"DB Regio Frankfurt,Frankfurt Main Süd,HLBahn"
08:4F:A9:F6:5C:02,"DB Regio Frankfurt,Frankfurt Main Süd,HLBahn"
08:7E:64:B1:BA:60,8315
08:7E:64:B8:FD:D0,"3022,3145"
08:96:D7:13:30:57,"Glocksee,Regiobus"
08:96:D7:93:7C:C9,"ICE Tz Freilassing 85"
0A:0E:8E:75:65:6B,"DB Regio Frankfurt,Frankfurt Main Süd,HLBahn"
0A:12:A5:D2:10:26,Glocksee
0A:90:E8:30:DF:7C,"Enno 108,Enno 124"
0A:90:E8:45:41:E6,"Enno 84 80 1440 123-6,Enno xxx"
0A:90:E8:45:41:EA,"94 80 1440 111-1"
0A:90:E8:45:41:FB,Enno
0A:90:E8:45:42:01,"Enno 111,Enno 121"
0A:90:E8:45:42:07,"Enno 108,Enno 124"
0A:A0:57:15:B7:71,"2527,2548,2555,2586,BH Glocksee,RH574"
0A:A0:57:24:28:69,Glocksee
0A:A0:57:24:DF:02,Glocksee
0A:A0:57:2A:D0:66,Doehren
0A:A0:57:2A:D0:83,Doehren
0A:A0:57:2D:F8:5C,"Üstra Zentrale"
0A:A0:57:35:C8:BD,"Üstra Zentrale"
0A:A0:57:40:30:09,Glocksee
0C:80:63:41:F6:88,Glocksee
0E:2F:B0:88:6E:D4,Glocksee
0E:8E:5B:E7:51:00,"...,DB Regio,Mannheim Hbf,S-Bahn RheinNeckar"
0E:90:E8:36:F5:A3,"Enno 108"
0E:90:E8:36:F5:F2,"Enno 108,Enno 124"
0E:90:E8:38:A2:5C,"94 80 1440 111-1"
0E:90:E8:40:21:85,Enno
0E:90:E8:40:21:94,"Enno 107,Enno 124"
0E:90:E8:40:84:AB,"Enno 108,Enno 124"
0E:90:E8:40:DE:AF,"Enno 111,Enno 121"
0E:90:E8:40:DE:C6,"Enno 108,Enno 124"
0E:90:E8:4F:16:71,"Enno 84 80 1440 123-6,Enno xxx"
0E:90:E8:4F:2F:D9,"Enno 108,Enno 124"
0E:90:E8:4F:2F:E7,"Enno 111,Enno 121"
0E:90:E8:4F:2F:F8,"Enno 111,Enno 121"
0E:90:E8:4F:BB:CA,"Enno 111,Enno 121"
0E:90:E8:56:82:E4,"Enno 108,Enno 124"
0E:A0:57:24:28:69,Glocksee
0E:A0:57:24:DF:02,Glocksee
0E:A0:57:24:DF:A6,Glocksee
0E:A0:57:2A:D0:66,Doehren
0E:A0:57:35:C8:BD,"Üstra Zentrale"
0E:A0:57:35:CD:73,"Üstra Zentrale"
0E:A0:57:3F:DB:91,"Hannover Hbf,ICE Tz 9002"
10:B3:D5:70:88:8F,Göttingen
10:B3:D5:70:89:41,"648 772,Göttingen,Göttingen Bahnhof"
10:B3:D5:70:89:61,"Göttingen,Göttingen Bahnhof"
10:B3:D5:70:89:6F,"DB Regio 648 267/767,Göttingen,Göttingen Bahnhof"
10:B3:D5:71:20:A1,"648 772,Göttingen,Göttingen Bahnhof"
10:B3:D5:71:27:61,"612 101,Göttingen,Göttingen Bahnhof"
10:B3:D5:71:27:6F,"612 101,Göttingen,Göttingen Bahnhof"
10:B3:D5:71:28:0F,"DB Regio 648 267/767,DB Regio Taufname Walkenried,Göttingen,Göttingen Bahnhof"
10:B3:D5:71:2F:81,"DB Regio 648 267/767,DB Regio Taufname Walkenried,Göttingen"
10:B3:D5:71:2F:8F,"648 772,DB Regio 648 267/767,Göttingen,Göttingen Bahnhof"
10:B3:D5:71:33:0F,"DB Regio Taufname Walkenried,Göttingen,Göttingen Bahnhof"
10:B3:D5:71:34:01,"648 772,Göttingen,Göttingen Bahnhof"
10:B3:D5:71:38:2F,"DB Regio Taufname Walkenried,Göttingen"
10:B3:D5:71:38:A1,"612 101,Göttingen,Göttingen Bahnhof"
10:B3:D5:71:38:AF,"612 101,DB Regio Taufname Walkenried,Göttingen,Göttingen Bahnhof"
10:B3:D5:71:40:0F,"648 772,Göttingen,Göttingen Bahnhof"
10:B3:D5:AF:D8:00,Göttingen
10:B3:D5:AF:D8:01,Göttingen
10:B3:D5:AF:D8:02,Göttingen
10:B3:D5:AF:D8:0D,Göttingen
10:B3:D5:AF:D8:0E,Göttingen
10:B3:D5:AF:D8:0F,Göttingen
10:B3:D5:B1:F4:E0,Göttingen
10:B3:D5:B1:F4:E1,Göttingen
10:B3:D5:B1:F4:E2,Göttingen
10:B3:D5:C3:34:AD,Göttingen
10:B3:D5:C3:34:AE,Göttingen
10:B3:D5:C3:34:AF,Göttingen
10:B3:D5:D1:39:41,"612 101,Göttingen,Göttingen Bahnhof"
10:B3:D5:D1:39:4F,"612 101,Göttingen,Göttingen Bahnhof"
10:B3:D5:D1:39:CF,"DB Regio Taufname Walkenried,Göttingen,Göttingen Bahnhof"
10:B3:D5:D1:3B:C0,"Celle Bahnhof ohne Bahn"
10:B3:D5:D1:3B:C2,"Celle Bahnhof ohne Bahn"
10:B3:D5:D1:3D:62,"Celle Bahnhof ohne Bahn"
10:B3:D5:EB:AD:C1,Göttingen
10:B3:D5:EB:AD:C2,Göttingen
10:B3:D5:EB:AD:CD,Göttingen
10:B3:D5:EB:AD:CE,Göttingen
10:B3:D5:EB:AD:CF,Göttingen
10:B3:D6:64:CA:00,"DB Regio Frankfurt,Frankfurt Main Süd,HLBahn"
10:B3:D6:64:CA:02,"DB Regio Frankfurt,Frankfurt Main Süd,HLBahn"
10:B3:D6:64:E6:80,"DB Regio Frankfurt,Frankfurt Main Süd,HLBahn"
10:B3:D6:64:E6:82,"DB Regio Frankfurt,Frankfurt Main Süd,HLBahn"
10:B3:D6:65:1C:A2,"DB Regio Frankfurt,Frankfurt Main Süd,HLBahn"
10:B3:D6:E0:29:21,"Göttingen,Göttingen Bahnhof"
10:FE:ED:88:9B:3C,"Hannover Hbf,ICE Tz 9002"
12:90:7F:B3:5E:C3,"RegioBus Wunstorf"
12:90:7F:B3:61:2A,"RegioBus Wunstorf"
12:90:7F:B3:61:2B,"RegioBus Wunstorf"
12:FE:ED:56:E3:B6,"""61 80 20-91 321-5"",Tz 1127"
12:FE:ED:88:9D:6A,"Hannover Hbf,ICE Tz 9002"
18:0F:76:36:63:60,"""61 80 20-91 321-5"",Tz 1127"
18:0F:76:36:63:61,"""61 80 20-91 321-5"",Tz 1127"
18:80:90:06:2D:10,"DB Regio 648 267/767,Göttingen"
18:80:90:08:C3:F0,"Hannover Hbf,ICE Tz 9002"
18:80:90:14:C8:C0,"DB Regio 648 267/767,Göttingen"
18:80:90:38:A0:00,"DB Regio Taufname Bad Lauterberg im Harz,Göttingen"
18:80:90:39:B2:D0,"DB Regio Taufname Bad Lauterberg im Harz,Göttingen"
18:80:90:FD:E1:D0,"648456/956,Dosto mit Taufname Ostholstein,Lübeck Hbf"
18:83:BF:0F:89:50,Glocksee
18:83:BF:0F:89:51,Glocksee
18:E8:29:EE:2D:D6,"""61 80 20-91 321-5"",Tz 1127"
1A:E8:29:12:C3:39,"""61 80 20-91 321-5"",Tz 1127"
1C:74:0D:26:27:B5,Glocksee
1C:E6:C7:9E:6C:F2,"Hannover Hbf"
1C:E6:C7:9E:6C:F3,"Hannover Hbf"
20:3A:07:BB:22:10,"3053,Leibniz Universität"
20:3A:07:BB:22:11,"Leibniz Universität"
20:3A:07:BB:22:12,"3053,Leibniz Universität"
20:3A:07:BB:22:14,"Leibniz Universität"
20:A6:CD:CE:B9:B2,Glocksee
20:A6:CD:CE:B9:B3,Glocksee
20:A6:CD:CE:B9:B4,Glocksee
20:A6:CD:CE:B9:B6,Glocksee
24:1F:A0:2D:E0:C3,Göttingen
24:65:11:9E:69:08,8315
24:65:11:DC:10:BB,"Glocksee,Regiobus"
24:F2:7F:24:FC:00,"KVV Bus 732?"
26:43:7D:0E:0F:4B,Glocksee
28:6F:7F:11:2B:D0,"...,DB Regio,Mannheim Hbf,S-Bahn RheinNeckar"
28:AC:9E:04:9A:50,"DB Regio SH Dosto Taufname Ostholstein,Lübeck Hbf"
28:AC:9E:04:9B:80,"623529,648345,648452,648453,648461,648462,DB Regio SH,Lübeck Hbf,weitere"
28:AC:9E:04:A6:90,"623529,648345,648452,648453,648461,648462,DB Regio SH,Lübeck Hbf,weitere"
28:AC:9E:0A:DD:20,"648352/852,648835/335,648843/343,648956/456,648965/xxx,648xxx,Dosto Regio Taufname Scharbeutz,ICE Taufname Tutzing,Lübeck Hbf"
28:AC:9E:0A:E0:90,"623529,648345,648452,648453,648461,648462,DB Regio SH,Lübeck Hbf,weitere"
28:AC:9E:13:4F:C0,"648456/956,DB Regio SH Dosto Taufname Ostholstein,Dosto mit Taufname Ostholstein,Lübeck Hbf"
28:AC:9E:13:50:F0,"623529,648345,648452,648453,648461,648462,DB Regio SH,Lübeck Hbf,weitere"
28:AC:9E:13:5B:F0,"623529,648345,648452,648453,648461,648462,DB Regio SH,Lübeck Hbf,weitere"
28:AC:9E:74:9B:D0,"623529,648345,648452,648453,648461,648462,DB Regio SH,Lübeck Hbf,weitere"
28:AC:9E:7D:6E:A0,"623529,648345,648452,648453,648461,648462,DB Regio SH,Lübeck Hbf,weitere"
2C:3A:FD:87:00:90,Glocksee
2C:3A:FD:97:52:42,"2511,2513,8323,Haltenhoff"
2C:3A:FD:9B:B6:2C,"2578,2586"
2C:3A:FD:9D:80:F8,"3022,3145"
2C:5A:0F:09:2B:90,"DB Regio,Hannover Hbf"
2C:5A:0F:38:A2:C0,"DB Regio,Hannover Hbf"
2C:5A:0F:3D:85:70,"Hannover Hbf,Zug"
2E:3A:FD:9D:80:F8,"3022,3145"
2E:3A:FD:C9:BB:16,"2511,2513,8323,Haltenhoff"
34:1F:E4:DD:BF:43,Glocksee
34:31:C4:9E:9E:20,"3022,3145"
34:31:C4:FA:21:31,Glocksee
34:81:C4:0E:09:2B,Glocksee
34:81:C4:CC:92:1D,"""61 80 20-91 321-5"",Tz 1127"
34:81:C4:CD:92:4D,Glocksee
38:0E:4D:76:9A:A0,"ICE Tz9007,Tz1174"
38:0E:4D:76:9A:A1,"Hannover Hbf,ICE Tz9007,Tz1174"
38:0E:4D:92:2F:23,"Hannover Hbf,ICE Tz 9002"
38:0E:4D:B0:8A:C0,"ICE Tz9007,Tz1174"
38:0E:4D:B0:8A:C1,"Hannover Hbf,ICE Tz9007,Tz1174"
38:0E:4D:B9:8D:30,"ICE Tz9007,Tz1174"
38:0E:4D:B9:8D:31,"Hannover Hbf,ICE Tz9007,Tz1174"
38:0E:4D:F7:A8:83,"KVV811,KVV904,Karlsruhe Hbf"
38:0E:4D:F7:A8:8F,"KVV811,KVV904,Karlsruhe Hbf"
38:10:D5:DA:16:F1,Glocksee
38:10:D5:DA:16:F2,Glocksee
38:1C:1A:3E:13:EE,"ICE Tz 1158,Kassel-Wilhelmshöhe"
38:3F:B3:0A:AB:30,8315
38:43:7D:0E:0F:3F,Glocksee
38:43:7D:0E:0F:4B,Glocksee
38:43:7D:ED:1A:C1,Glocksee
3C:67:8C:7C:E8:B5,"Glocksee,Regiobus"
3C:67:8C:90:E7:16,Glocksee
40:01:7A:01:19:F0,"DB Regio Taufname Walkenried,Göttingen"
40:01:7A:02:9C:60,"648456/956,Dosto mit Taufname Ostholstein,Lübeck Hbf"
40:01:7A:05:94:E0,"DB Regio Taufname Walkenried,Göttingen"
40:01:7A:08:E1:30,"ICE Tz 9002 FS"
40:01:7A:0F:D8:60,"648 846/346,648 853/xxx"
40:01:7A:11:92:70,"648 846/346,648 853/xxx"
40:01:7A:4C:08:F2,"ICE Tz 9002 FS"
40:01:7A:57:35:21,"Hannover Hbf,ICE Tz 9002"
40:01:7A:57:35:A2,"ICE Tz 9002 FS"
40:01:7A:61:3D:C2,"ICE Tz 9002 FS"
40:01:7A:61:3D:E0,"Hannover Hbf,ICE Tz 9002"
40:01:7A:62:6B:A2,"ICE Tz 9002 FS"
40:01:7A:7A:D2:B1,"Karlsruhe Hbf"
40:01:7A:7A:D2:B3,"Karlsruhe Hbf"
40:01:7A:7A:D2:BC,"Karlsruhe Hbf"
40:01:7A:7A:D2:BD,"Karlsruhe Hbf"
40:01:7A:7A:D2:BE,"Karlsruhe Hbf"
40:01:7A:7A:D2:BF,"Karlsruhe Hbf"
40:01:7A:7B:2B:90,"Hannover Hbf,Zug"
40:01:7A:80:FF:30,"612 101,648 772,Göttingen Bahnhof"
40:01:7A:82:59:C0,"612 101,648 772,Göttingen Bahnhof"
40:01:7A:83:7C:10,"Hannover Hbf,Zug"
40:B0:34:D8:02:06,"2578,2586"
44:4E:6D:00:A1:7E,"3022,3145"
44:4E:6D:26:54:E8,Glocksee
44:4E:6D:50:19:4B,Glocksee
44:4E:6D:52:77:8F,Glocksee
44:4E:6D:97:7F:71,8315
44:4E:6D:97:7F:72,8315
44:4E:6D:EB:6F:10,Glocksee
44:D9:E7:FA:9D:23,"Göttingen,Göttingen Bahnhof"
46:4E:6D:50:19:4B,Glocksee
46:67:51:48:4B:17,Glocksee
46:67:51:B7:78:75,Glocksee
46:D9:E7:FB:9D:23,Göttingen
48:BA:4E:A3:6B:1F,Glocksee
4A:67:51:48:4B:17,Glocksee
4A:67:51:B7:78:75,Glocksee
4C:09:D4:C2:B1:B6,Glocksee
4C:09:D4:C2:B1:B7,Glocksee
4C:12:65:F4:76:3C,Glocksee
4E:1D:41:A2:FE:59,"ICE Tz 104 ""Fulda"" FS"
50:D4:F7:89:7E:60,"Leibniz Universität ohne Bahn"
50:D4:F7:D8:EE:7E,"ICE Tz Freilassing 85"
50:D4:F7:FC:D3:C4,Glocksee
54:67:51:42:18:29,Glocksee
54:67:51:48:4B:17,Glocksee
54:67:51:6E:E9:B4,"3022,3145"
54:67:51:75:40:D6,"2578,2586"
54:67:51:75:56:71,Glocksee
54:67:51:7D:03:F2,Glocksee
54:67:51:83:2C:20,Glocksee
54:67:51:B7:78:75,Glocksee
54:B8:0A:7D:22:56,"3022,3145"
58:23:8C:81:04:59,Glocksee
58:D7:59:40:3C:ED,Glocksee
5A:23:8C:81:04:5B,Glocksee
5C:35:3B:C3:AB:7D,Glocksee
5C:49:79:59:25:C3,Glocksee
5C:49:79:BB:BE:C7,Glocksee
5C:49:79:ED:D1:C3,Glocksee
5C:49:79:FF:E3:F9,Glocksee
5C:83:8F:3C:57:D1,"Leibniz Universität"
5C:83:8F:BF:C5:E0,"Leibniz Universität"
5C:83:8F:BF:C5:E1,"Leibniz Universität"
5C:83:8F:BF:C5:E2,"Leibniz Universität"
5C:83:8F:BF:C5:E4,"Leibniz Universität"
5C:83:8F:BF:C5:ED,"Leibniz Universität"
5C:83:8F:BF:C5:EE,"Leibniz Universität"
60:E3:27:CE:E4:1C,"Glocksee,Regiobus"
64:CC:22:61:89:EA,Glocksee
64:E9:50:7C:00:E0,"...,DB Regio,Mannheim Hbf,S-Bahn RheinNeckar"
64:E9:50:7C:00:E1,"...,DB Regio,Mannheim Hbf,S-Bahn RheinNeckar"
66:66:B3:2A:9D:B4,"""61 80 20-91 321-5"",Tz 1127"
68:BD:AB:E7:80:50,"Leibniz Universität"
68:BD:AB:E7:80:51,"Leibniz Universität"
68:BD:AB:E7:80:52,"Leibniz Universität"
68:BD:AB:E7:80:5B,"Leibniz Universität"
68:BD:AB:E7:80:5D,"Leibniz Universität"
68:BD:AB:E7:80:5E,"Leibniz Universität"
68:BD:AB:E7:80:5F,"Leibniz Universität"
6C:8B:D3:A9:D6:E0,"KVV811,KVV904,Karlsruhe Hbf"
6C:8B:D3:A9:D6:EE,"KVV811,KVV904,Karlsruhe Hbf"
6C:AB:05:09:9E:F0,"S-Bahn Rhein-Main"
6E:C7:EC:C8:38:BE,Glocksee
6E:EB:3A:85:C4:D0,"Glocksee,Regiobus"
6E:EB:3A:85:C4:D1,"Glocksee,Regiobus"
70:0F:6A:93:FA:E0,"623529,648345,648452,648453,648461,648462,DB Regio SH,Lübeck Hbf,weitere"
70:0F:6A:93:FC:E0,"648 340/xxx Nah.SH Sicher!"
70:0F:6A:94:A5:A0,"648352/852,648835/335,648843/343,648956/456,648965/xxx,648xxx,Dosto Regio Taufname Scharbeutz,ICE Taufname Tutzing,Lübeck Hbf"
70:0F:6A:9B:B9:C0,"623529,648345,648452,648453,648461,648462,DB Regio SH,Lübeck Hbf,weitere"
70:0F:6A:9E:A6:D0,"648352/852,648835/335,648843/343,648956/456,648965/xxx,648xxx,Dosto Regio Taufname Scharbeutz,ICE Taufname Tutzing,Lübeck Hbf"
70:4F:57:15:5C:A4,Glocksee
70:4F:57:95:A4:7C,Glocksee
70:4F:57:95:A4:7D,Glocksee
70:69:5A:01:BA:40,"648352/852,648835/335,648843/343,648956/456,648965/xxx,648xxx,Dosto Regio Taufname Scharbeutz,ICE Taufname Tutzing,Lübeck Hbf"
70:69:5A:15:38:20,"648352/852,648835/335,648843/343,648956/456,648965/xxx,648xxx,Dosto Regio Taufname Scharbeutz,ICE Taufname Tutzing,Lübeck Hbf"
70:69:5A:7D:44:B0,"648352/852,648835/335,648843/343,648956/456,648965/xxx,648xxx,Dosto Regio Taufname Scharbeutz,ICE Taufname Tutzing,Lübeck Hbf"
70:69:5A:80:A2:C0,"648352/852,648835/335,648843/343,648956/456,648965/xxx,648xxx,Dosto Regio Taufname Scharbeutz,ICE Taufname Tutzing,Lübeck Hbf"
70:69:5A:F1:96:A0,"648352/852,648835/335,648843/343,648956/456,648965/xxx,648xxx,Dosto Regio Taufname Scharbeutz,ICE Taufname Tutzing,Lübeck Hbf"
70:69:5A:F1:9A:10,"623529,648345,648452,648453,648461,648462,DB Regio SH,Lübeck Hbf,weitere"
70:69:5A:F3:8B:B0,"648835/335,ICE Taufname Tutzing,Lübeck Hbf"
70:69:5A:F3:8E:80,"623529,648345,648452,648453,648461,648462,DB Regio SH,Lübeck Hbf,weitere"
70:69:5A:F3:91:E0,"648352/852,648835/335,648843/343,648956/456,648965/xxx,648xxx,Dosto Regio Taufname Scharbeutz,ICE Taufname Tutzing,Lübeck Hbf"
70:69:5A:F3:93:70,"648456/956,Dosto mit Taufname Ostholstein,Lübeck Hbf"
70:69:5A:F3:F5:10,"648352/852,648835/335,648843/343,648956/456,648965/xxx,648xxx,Dosto Regio Taufname Scharbeutz,ICE Taufname Tutzing,Lübeck Hbf"
70:69:5A:FB:AA:F0,"648835/335,ICE Taufname Tutzing,Lübeck Hbf"
70:69:5A:FB:AD:C0,"623529,648345,648452,648453,648461,648462,DB Regio SH,Lübeck Hbf,weitere"
70:69:5A:FB:B1:20,"648352/852,648835/335,648843/343,648956/456,648965/xxx,648xxx,Dosto Regio Taufname Scharbeutz,ICE Taufname Tutzing,Lübeck Hbf"
70:69:5A:FB:B2:B0,"648352/852,648456/956,648835/335,648843/343,648956/456,648965/xxx,648xxx,Dosto Regio Taufname Scharbeutz,Dosto mit Taufname Ostholstein,ICE Taufname Tutzing,Lübeck Hbf"
70:69:5A:FB:BE:D0,"648352/852,648835/335,648843/343,648956/456,648965/xxx,648xxx,Dosto Regio Taufname Scharbeutz,ICE Taufname Tutzing,Lübeck Hbf"
70:6D:15:AD:AA:60,"ICE Tz 9002 FS"
70:6D:15:AD:AA:61,"ICE Tz 9002 FS"
70:6D:15:AD:AA:62,"ICE Tz 9002 FS"
70:6D:15:B7:A9:80,"ICE Tz 9002 FS"
70:6D:15:B7:A9:81,"ICE Tz 9002 FS"
70:6D:15:B7:A9:82,"ICE Tz 9002 FS"
70:79:B3:05:F0:B0,"DB Regio SH Dosto Taufname Ostholstein,Lübeck Hbf"
70:79:B3:1C:C4:80,"DB Regio SH Dosto Taufname Ostholstein,Lübeck Hbf"
70:79:B3:35:2D:10,"ICE Tz104,Karlsruhe Hbf"
70:79:B3:B6:DA:A0,"DB Regio SH Dosto Taufname Ostholstein,Lübeck Hbf"
70:79:B3:BA:30:30,"648456/956,DB Regio SH Dosto Taufname Ostholstein,Dosto mit Taufname Ostholstein,Lübeck Hbf"
70:79:B3:BA:4F:50,"648352/852,648835/335,648843/343,648956/456,648965/xxx,648xxx,Dosto Regio Taufname Scharbeutz,ICE Taufname Tutzing,Lübeck Hbf"
70:79:B3:BF:CF:10,"648456/956,DB Regio SH Dosto Taufname Ostholstein,Dosto mit Taufname Ostholstein,Lübeck Hbf"
70:79:B3:BF:DA:00,"DB Regio SH Dosto Taufname Ostholstein,Lübeck Hbf"
70:79:B3:BF:EE:10,"648352/852,648835/335,648843/343,648956/456,648965/xxx,648xxx,Dosto Regio Taufname Scharbeutz,ICE Taufname Tutzing,Lübeck Hbf"
70:B3:17:07:48:C2,"Bahn,Lübeck Hbf"
70:B3:17:07:48:CD,"623529,648345,648452,648453,648461,648462,DB Regio SH,Lübeck Hbf,weitere"
70:B3:17:07:4F:C2,"623529,648345,648452,648453,648456/956,648461,648462,DB Regio SH,Dosto mit Taufname Ostholstein,Lübeck Hbf,weitere"
70:B3:17:07:4F:CD,"623529,648345,648452,648453,648456/956,648461,648462,DB Regio SH,Dosto mit Taufname Ostholstein,Lübeck Hbf,weitere"
70:B3:17:07:54:82,"623529,648345,648452,648453,648461,648462,DB Regio SH,Lübeck Hbf,weitere"
70:B3:17:07:54:8D,"623529,648345,648452,648453,648456/956,648461,648462,DB Regio SH,Dosto mit Taufname Ostholstein,Lübeck Hbf,weitere"
70:B3:17:07:55:A2,"623529,648345,648452,648453,648456/956,648461,648462,DB Regio SH,Dosto mit Taufname Ostholstein,Lübeck Hbf,weitere"
70:B3:17:07:55:AD,"623529,648345,648452,648453,648461,648462,DB Regio SH,Lübeck Hbf,weitere"
70:B3:17:07:66:C0,"...,DB Regio,Mannheim Hbf,S-Bahn RheinNeckar"
70:B3:17:07:66:CF,"...,DB Regio,Mannheim Hbf,S-Bahn RheinNeckar"
70:B3:17:07:91:22,"623529,648345,648452,648453,648456/956,648461,648462,DB Regio SH,Dosto mit Taufname Ostholstein,Lübeck Hbf,weitere"
70:B3:17:07:91:2D,"623529,648345,648452,648453,648456/956,648461,648462,DB Regio SH,Dosto mit Taufname Ostholstein,Lübeck Hbf,weitere"
70:B3:17:07:93:E0,"...,DB Regio,Mannheim Hbf,S-Bahn RheinNeckar"
70:B3:17:07:93:EF,"...,DB Regio,Mannheim Hbf,S-Bahn RheinNeckar"
70:B3:17:07:97:82,"623529,648345,648452,648453,648461,648462,DB Regio SH,Lübeck Hbf,weitere"
70:B3:17:07:97:8D,"623529,648345,648452,648453,648461,648462,DB Regio SH,Lübeck Hbf,weitere"
70:B3:17:07:B7:42,"Dosto mit Taufname Ostholstein,Lübeck Hbf"
70:B3:17:07:B7:4D,"623529,648345,648452,648453,648461,648462,DB Regio SH,Lübeck Hbf,weitere"
70:B3:17:07:C9:8D,"623529,648345,648452,648453,648461,648462,DB Regio SH,Lübeck Hbf,weitere"
70:B3:17:07:CA:40,"...,DB Regio,Mannheim Hbf,S-Bahn RheinNeckar"
70:B3:17:07:D0:C2,"623529,648345,648452,648453,648456/956,648461,648462,DB Regio SH,Dosto mit Taufname Ostholstein,Lübeck Hbf,weitere"
70:B3:17:07:D0:CD,"623529,648345,648452,648453,648456/956,648461,648462,DB Regio SH,Dosto mit Taufname Ostholstein,Lübeck Hbf,weitere"
70:B3:17:07:DA:02,"Bahn,Dosto mit Taufname Ostholstein,ICE Taufname Tutzing,Lübeck Hbf"
70:B3:17:07:DA:0D,"623529,648345,648452,648453,648456/956,648461,648462,DB Regio SH,Dosto mit Taufname Ostholstein,Lübeck Hbf,weitere"
70:B3:17:07:DA:20,"...,DB Regio,Mannheim Hbf,S-Bahn RheinNeckar"
70:B3:17:07:E0:42,"Bahn,Lübeck Hbf"
70:B3:17:07:E0:4D,"648352/852,648835/335,648843/343,648956/456,648965/xxx,648xxx,Bahn,Dosto Regio Taufname Scharbeutz,ICE Taufname Tutzing,Lübeck Hbf"
70:B3:17:07:E0:A2,"623529,648345,648452,648453,648456/956,648461,648462,DB Regio SH,Dosto mit Taufname Ostholstein,Lübeck Hbf,weitere"
70:B3:17:07:E0:AD,"623529,648345,648452,648453,648456/956,648461,648462,DB Regio SH,Dosto mit Taufname Ostholstein,Lübeck Hbf,weitere"
70:B3:17:07:F3:82,"623529,648345,648452,648453,648456/956,648461,648462,DB Regio SH,Dosto mit Taufname Ostholstein,Lübeck Hbf,weitere"
70:B3:17:07:F3:8D,"623529,648345,648452,648453,648456/956,648461,648462,DB Regio SH,Dosto mit Taufname Ostholstein,Lübeck Hbf,weitere"
70:B3:17:07:F5:E2,"648456/956,Dosto mit Taufname Ostholstein,Lübeck Hbf"
70:B3:17:07:F5:ED,"648456/956,Dosto mit Taufname Ostholstein,Lübeck Hbf"
70:B3:17:07:F6:02,"623529,648345,648452,648453,648456/956,648461,648462,DB Regio SH,Dosto mit Taufname Ostholstein,Lübeck Hbf,weitere"
70:B3:17:07:F6:0D,"623529,648345,648452,648453,648456/956,648461,648462,DB Regio SH,Dosto mit Taufname Ostholstein,Lübeck Hbf,weitere"
70:B3:17:07:F8:E0,"...,DB Regio,ICE Tz 9039,Mannheim Hbf,S-Bahn RheinNeckar"
70:B3:17:07:FD:8D,"623529,648345,648452,648453,648461,648462,DB Regio SH,Lübeck Hbf,weitere"
70:B3:17:08:00:82,"648456/956,Dosto mit Taufname Ostholstein,Lübeck Hbf"
70:B3:17:08:00:8D,"623529,648345,648452,648453,648456/956,648461,648462,DB Regio SH,Dosto mit Taufname Ostholstein,Lübeck Hbf,weitere"
70:B3:17:08:01:62,"Bahn,Lübeck Hbf"
70:B3:17:08:01:6D,"623529,648345,648452,648453,648461,648462,DB Regio SH,Lübeck Hbf,weitere"
70:B3:17:08:02:C2,"623529,648345,648452,648453,648456/956,648461,648462,DB Regio SH,Dosto mit Taufname Ostholstein,Lübeck Hbf,weitere"
70:B3:17:08:04:02,"623529,648345,648452,648453,648461,648462,DB Regio SH,Lübeck Hbf,weitere"
70:B3:17:08:04:0D,"648456/956,Dosto mit Taufname Ostholstein,Lübeck Hbf"
70:B3:17:08:07:A2,"648456/956,Dosto mit Taufname Ostholstein,Lübeck Hbf"
70:B3:17:08:08:C2,"623529,648345,648452,648453,648461,648462,DB Regio SH,Lübeck Hbf,weitere"
70:B3:17:08:0B:C2,"Bahn,Dosto mit Taufname Ostholstein,ICE Taufname Tutzing,Lübeck Hbf"
70:B3:17:08:0B:CD,"623529,648345,648452,648453,648461,648462,DB Regio SH,Lübeck Hbf,weitere"
70:B3:17:08:0D:8D,"648456/956,Dosto mit Taufname Ostholstein,Lübeck Hbf"
70:B3:17:08:16:22,"Dosto mit Taufname Ostholstein,ICE Taufname Tutzing,Lübeck Hbf"
70:B3:17:08:16:2D,"Bahn,Dosto mit Taufname Ostholstein,ICE Taufname Tutzing,Lübeck Hbf"
70:B3:17:08:19:42,"623529,648345,648452,648453,648456/956,648461,648462,DB Regio SH,Dosto mit Taufname Ostholstein,Lübeck Hbf,weitere"
70:B3:17:08:1E:C2,"648456/956,Dosto mit Taufname Ostholstein,Lübeck Hbf"
70:B3:17:08:1E:CD,"648456/956,Dosto mit Taufname Ostholstein,Lübeck Hbf"
70:B3:17:08:21:42,"Bahn,Lübeck Hbf"
70:B3:17:08:21:62,"648352/852,648835/335,648843/343,648956/456,648965/xxx,648xxx,Bahn,Dosto Regio Taufname Scharbeutz,ICE Taufname Tutzing,Lübeck Hbf"
70:B3:17:08:21:6D,"623529,648345,648452,648453,648456/956,648461,648462,DB Regio SH,Dosto mit Taufname Ostholstein,Lübeck Hbf,weitere"
70:B3:17:08:2F:82,"Bahnhof Fulda,ICE Tz 104 ""Fulda"""
70:B3:17:5C:A6:E0,"Hannover Hbf,ICE Tz 9002"
70:B3:17:5C:D4:C0,"Hannover Hbf,ICE Tz 9002"
70:B3:17:5C:D4:CF,"Hannover Hbf,ICE Tz 9002"
70:B3:17:7A:4E:8F,"Hannover Hbf,ICE Tz 9002"
70:B3:17:7D:2C:80,"Hannover Hbf,ICE Tz 165"
70:B3:17:87:79:E2,"Bahnhof Fulda,ICE Tz 104 ""Fulda"""
70:B3:17:87:7B:62,"Bahnhof Fulda,ICE Tz 104 ""Fulda"""
70:B3:17:87:A4:E2,"Bahnhof Fulda,ICE Tz 104 ""Fulda"""
70:B3:17:87:A4:ED,"Bahnhof Fulda,ICE Tz 104 ""Fulda"""
70:B3:17:93:C9:CF,"Hannover Hbf,ICE Tz 9002"
70:B3:17:93:CC:2F,"Hannover Hbf,ICE Tz 9002"
70:B3:17:93:F4:80,"Hannover Hbf ohne Zug"
70:B3:17:94:FD:6F,"Hannover Hbf,ICE Tz 9002"
70:DB:98:2C:E6:70,"DB Regio,Hannover Hbf"
72:4F:57:15:5C:A4,"Betriebshof Glocksee,Glocksee"
74:31:70:B5:36:78,Glocksee
74:4D:28:22:8E:B0,"Bus Göttingen?"
74:4D:28:22:B2:3C,"Bus Göttingen?"
74:83:C2:34:8B:96,Glocksee
74:DA:38:07:14:9A,"2009,2011"
74:DA:38:E8:EB:8E,Glocksee
74:DA:88:1F:9B:54,Glocksee
74:DA:88:A5:DC:46,Glocksee
74:EA:3A:A2:DB:97,Glocksee
76:37:7F:0E:F0:37,Glocksee
76:4F:57:95:A4:7D,Glocksee
76:83:C2:34:8B:96,Glocksee
78:44:FD:40:BA:D7,Glocksee
7C:8B:CA:9E:4F:C2,Glocksee
7C:DB:98:C4:40:81,Glocksee
7C:DB:98:C4:40:84,Glocksee
7C:FF:4D:05:0B:3F,"2578,2586"
7C:FF:4D:05:0B:40,"2578,2586"
7C:FF:4D:23:8F:1A,"623529,648345,648452,648453,648461,648462,DB Regio SH,Lübeck Hbf,weitere"
7C:FF:4D:4E:18:0D,"648xxx,Ratzeburg(DB)"
7C:FF:4D:89:56:35,Glocksee
7C:FF:4D:C4:2E:53,Glocksee
7E:D5:66:76:03:B3,Glocksee
80:1F:02:E7:68:9B,"20xx,Steintor"
80:1F:02:E7:68:AE,"20xx,Steintor"
80:26:89:97:86:80,Glocksee
80:26:89:97:86:90,Glocksee
80:26:89:97:86:C0,Glocksee
80:26:89:97:86:D0,Glocksee
80:26:89:97:A6:80,Glocksee
80:26:89:97:A6:90,Glocksee
80:26:89:97:A7:40,Glocksee
80:26:89:97:A7:50,Glocksee
80:26:89:97:AB:00,Glocksee
80:26:89:97:AB:10,Glocksee
80:26:89:97:AF:C0,Glocksee
80:8D:B7:D6:67:F0,"KVV340,Stationär Kronenplatz Karlsruhe"
80:8D:B7:D6:67:F1,"KVV340,Stationär Kronenplatz Karlsruhe"
80:8D:B7:D6:B7:31,"KVV340,Stationär Kronenplatz Karlsruhe"
80:8D:B7:D7:34:20,"KVV340,Stationär Kronenplatz Karlsruhe"
80:8D:B7:D7:34:30,"KVV340,Stationär Kronenplatz Karlsruhe"
80:8D:B7:D7:34:31,"KVV340,Stationär Kronenplatz Karlsruhe"
80:D0:4A:34:2C:A8,Glocksee
82:2A:A8:17:97:D4,KVV340
84:47:65:19:7A:09,Glocksee
84:47:65:19:7A:0A,Glocksee
84:47:65:32:DD:30,83KEEP
84:47:65:32:DD:33,83KEEP
84:94:8C:FB:D1:78,Glocksee
84:94:8C:FB:D1:7A,Glocksee
84:94:8C:FB:D1:7B,Glocksee
84:9C:A6:A0:3D:9E,"3022,3145"
84:9C:A6:A0:3D:9F,"3022,3145"
84:A8:E4:D9:E6:6A,Glocksee
86:5C:44:1F:0B:C0,8315
86:5C:44:79:FB:90,Glocksee
86:5C:44:DA:A1:2E,"3022,3145"
88:03:55:40:D6:54,"3022,3145"
88:5B:DD:17:9A:D4,"Wo kommt der denn her? Im Tunnel der Üstra Gleis 5/6 b. Kröpcke"
88:71:B1:99:48:F6,Glocksee
88:EF:16:12:7A:7B,Glocksee
88:EF:16:12:7A:7C,"Glocksee,Regiobus"
8A:5C:44:79:FB:90,Glocksee
8A:8A:20:5B:2E:3A,"KVV Bus 732?"
8E:B8:4A:55:85:B8,"""61 80 20-91 321-5"",Tz 1127"
90:4C:81:FC:AA:30,"KVV340,Stationär Kronenplatz Karlsruhe"
90:4C:81:FC:AA:31,"KVV340,Stationär Kronenplatz Karlsruhe"
90:5C:44:1F:0B:B3,8315
90:5C:44:79:FB:90,Glocksee
90:EF:68:3E:3B:00,"2578,2586"
94:4A:0C:B3:3D:BB,"""61 80 20-91 321-5"",Tz 1127"
94:4A:0C:B3:3D:BD,"""61 80 20-91 321-5"",Tz 1127"
94:4A:0C:B3:3D:BE,"""61 80 20-91 321-5"",Tz 1127"
94:4A:0C:E4:F3:2C,Glocksee
94:57:A5:A0:4C:1B,"2511,2513,8323,Haltenhoff"
94:87:7C:9B:FF:60,Glocksee
94:87:7C:A1:46:C0,Glocksee
94:87:7C:A4:03:E0,Glocksee
94:87:7C:A6:FE:30,"Glocksee,Regiobus"
94:87:7C:A8:48:90,Glocksee
98:9B:CB:26:33:AE,8315
98:9B:CB:31:7F:78,Glocksee
98:9B:CB:9F:BB:B6,"""61 80 20-91 321-5"",Tz 1127"
98:DE:D0:4B:F6:DE,"""61 80 20-91 321-5"",Tz 1127"
9A:8A:20:5B:2E:3A,"KVV Bus 732?"
9A:B8:BA:26:8D:24,Glocksee
9C:2A:70:67:B0:25,Glocksee
9C:80:DF:10:91:F0,Glocksee
9C:8C:D8:92:77:10,"KVV340,Stationär Kronenplatz Karlsruhe"
9C:8C:D8:93:F0:60,"KVV340,Stationär Kronenplatz Karlsruhe"
9C:8C:D8:93:F0:71,"KVV340,Stationär Kronenplatz Karlsruhe"
9C:8C:D8:94:08:C0,"KVV340,Stationär Kronenplatz Karlsruhe"
9C:8C:D8:94:08:D0,"KVV340,Stationär Kronenplatz Karlsruhe"
9C:8C:D8:94:08:D1,"KVV340,Stationär Kronenplatz Karlsruhe"
9C:C7:A6:5B:AA:7E,"2578,2586"
9C:C7:A6:73:3E:9C,Glocksee
9C:C7:A6:97:0A:00,"Glocksee,Regiobus"
9C:C8:FC:2B:1C:28,8315
9E:8D:7C:4C:55:88,"Leibniz Universität ohne Bahn"
A0:39:EE:B5:4B:6E,"3022,3145"
A0:E0:AF:18:60:92,"Bahnhof Fulda,ICE Tz 104 ""Fulda"""
A0:E0:AF:18:83:60,"Bahnhof Fulda,ICE Tz 104 ""Fulda"""
A0:E0:AF:18:83:61,"Bahnhof Fulda,ICE Tz 104 ""Fulda"""
A0:E0:AF:18:83:62,"Bahnhof Fulda,ICE Tz 104 ""Fulda"""
A0:E0:AF:1C:E9:00,"Bahnhof Fulda,ICE Tz 104 ""Fulda"""
A0:E0:AF:1C:E9:01,"Bahnhof Fulda,ICE Tz 104 ""Fulda"""
A0:E0:AF:1C:E9:02,"Bahnhof Fulda,ICE Tz 104 ""Fulda"""
A0:E0:AF:43:4B:30,"Bahnhof Fulda,ICE Tz 104 ""Fulda"""
A0:E0:AF:43:4B:31,"Bahnhof Fulda,ICE Tz 104 ""Fulda"""
A0:E0:AF:43:4B:32,"Bahnhof Fulda,ICE Tz 104 ""Fulda"""
A0:E0:AF:95:51:B0,"Bahnhof Fulda,ICE Tz 104 ""Fulda"""
A0:E0:AF:95:51:B1,"Bahnhof Fulda,ICE Tz 104 ""Fulda"""
A0:E0:AF:95:51:B2,"Bahnhof Fulda,ICE Tz 104 ""Fulda"""
A0:E4:CB:99:C1:E4,Glocksee
A4:CA:A0:4C:ED:B8,"3022,3145"
A8:9D:21:83:12:60,"Leibniz Universität"
A8:9D:21:83:12:61,"Leibniz Universität"
A8:9D:21:83:12:62,"Leibniz Universität"
A8:9D:21:83:12:64,"Leibniz Universität"
AC:22:05:17:1C:08,"2578,2586"
AC:22:05:86:4F:15,"2578,2586"
AC:22:05:B4:A2:04,8315
AC:84:C6:91:48:14,Glocksee
AE:49:62:31:06:A8,"2511,2513,8323,Haltenhoff"
AE:49:62:31:06:AC,"2511,2513,8323,Haltenhoff"
AE:E2:D3:F9:F6:72,Glocksee
B0:26:80:86:8D:52,"ICE Tz 9002 FS"
B0:26:80:98:37:10,"648 846/346,648 853/xxx"
B0:26:80:98:37:40,"648 846/346,648 853/xxx"
B0:26:80:DD:67:C0,"648352/852,648835/335,648843/343,648956/456,648965/xxx,648xxx,Dosto Regio Taufname Scharbeutz,ICE Taufname Tutzing,Lübeck Hbf"
B0:26:80:DD:68:60,"648352/852,648835/335,648843/343,648956/456,648965/xxx,648xxx,Dosto Regio Taufname Scharbeutz,ICE Taufname Tutzing,Lübeck Hbf"
B0:26:80:DD:92:B0,"648 343/xxx,648 352/852,648 835/335,648 843/343,648 956/456,648 965/xxx,648 xxx,Lüneburg Bahnhof"
B0:26:80:DD:92:F0,"648 352/852,648 835/335,648 843/343,648 956/456,648 965/xxx,648 xxx"
B2:00:73:0E:A9:9A,Glocksee
B2:00:73:1E:A9:9A,Glocksee
B2:FC:0D:BC:35:6F,Glocksee
B4:E9:B0:E4:16:41,"""61 80 20-91 321-5"",Tz 1127"
B4:E9:B0:E4:16:42,"""61 80 20-91 321-5"",Tz 1127"
B4:E9:B0:E4:16:4D,"""61 80 20-91 321-5"",Tz 1127"
B4:E9:B0:E4:16:4E,"""61 80 20-91 321-5"",Tz 1127"
B4:E9:B0:E4:16:4F,"""61 80 20-91 321-5"",Tz 1127"
B4:FB:E4:15:24:7B,"Karlsruhe Hbf"
B6:FB:E4:15:24:7B,"Karlsruhe Hbf"
B8:BE:F4:35:53:E4,Glocksee
B8:EC:A3:97:14:AC,"623529,648345,648452,648453,648456/956,648461,648462,DB Regio SH,Dosto mit Taufname Ostholstein,Lübeck Hbf,weitere"
B8:EC:A3:97:14:AE,"623529,648345,648452,648453,648461,648462,DB Regio SH,Lübeck Hbf,weitere"
BC:05:43:77:A8:EB,Glocksee
BC:30:7E:7A:76:C0,"3057,3108,Leibniz Universität"
BC:30:D9:71:D0:94,Glocksee
BC:4D:FB:05:EC:08,"2511,2513,8323,Haltenhoff"
BC:4D:FB:05:EC:0B,"2511,2513,8323,Haltenhoff"
BC:EE:7B:F4:B7:80,Glocksee
C0:25:06:31:1C:FC,Glocksee
C0:25:06:7B:D7:F7,8315
C0:25:06:EF:00:FE,Glocksee
C0:25:5C:61:8B:40,"ICE Tz 1158,Kassel-Wilhelmshöhe"
C0:7B:BC:23:36:F0,"Bahnhof Fulda,ICE Tz 104 ""Fulda"""
C0:7B:BC:5B:6E:BB,"Leibniz Universität"
C0:7B:BC:5B:6E:BD,"Leibniz Universität"
C0:7B:BC:5B:6E:BE,"Leibniz Universität"
C0:7B:BC:5B:6E:BF,"Leibniz Universität"
C4:7D:4F:47:4C:EF,"Leibniz Universität"
C6:6E:1F:9C:15:8A,"ICE Tz 236 Jüterbog;Hannover Hbf,ICE Tz 239 Essen"
C8:0C:C8:9C:1C:15,Glocksee
C8:0C:C8:9C:1C:16,"Glocksee,Regiobus"
C8:0E:14:06:B0:4F,Glocksee
C8:0E:14:06:B0:50,Glocksee
C8:0E:14:6F:4E:4F,Glocksee
C8:0E:14:98:CB:59,Glocksee
C8:0E:14:A3:94:76,"2578,2586"
C8:0E:14:A3:94:77,"2578,2586"
C8:0E:14:C1:16:6A,Glocksee
C8:B5:AD:25:C0:20,"KVV340,Stationär Kronenplatz Karlsruhe"
CA:0E:14:6F:4E:4F,Glocksee
CA:0E:14:6F:4E:50,Glocksee
CA:0E:14:A3:94:77,"2578,2586"
CC:32:E5:BF:8B:F6,Glocksee
CC:CE:1E:19:F8:24,Glocksee
CC:CE:1E:5B:EE:F8,Glocksee
CC:CE:1E:91:6B:4C,Glocksee
CC:CE:1E:91:6B:4D,Glocksee
CC:CE:1E:B4:C6:93,Glocksee
CC:CE:1E:C1:40:33,Glocksee
CE:50:E3:0B:6A:83,"ICE Tz 104 ""Fulda"" FS"
D0:66:7B:0B:B7:1D,"2578,2586"
D2:2D:B3:8B:74:0C,"""61 80 20-91 321-5"",Tz 1127"
D4:3F:CB:7E:96:47,"2578,2586"
D4:3F:CB:94:F9:76,Glocksee
D4:3F:CB:94:F9:77,Glocksee
D4:60:E3:25:11:6C,Glocksee
D4:60:E3:B2:F8:44,"Glocksee,Regiobus"
D4:60:E3:B2:F8:46,Glocksee
D4:63:FE:41:40:8C,Glocksee
D4:CA:6E:22:0D:76,Glocksee
DC:39:6F:5A:8E:D2,"ICE Tz Freilassing 85"
DC:39:6F:5A:8E:D3,"ICE Tz Freilassing 85"
DC:39:6F:CA:B9:C8,"2578,2586"
DC:39:6F:CA:B9:C9,"2578,2586"
DC:53:7C:0E:F8:7F,8315
DC:53:7C:2D:16:35,Glocksee
DC:8C:37:27:06:CE,"Karlsruhe Hbf"
DC:8C:37:27:06:CF,"Karlsruhe Hbf"
DC:8C:37:27:08:C0,"Karlsruhe Hbf"
DC:8C:37:27:08:C2,"Karlsruhe Hbf"
DC:8C:37:27:08:CF,"Karlsruhe Hbf"
DC:8C:37:67:BA:60,"ICE Tz104,Karlsruhe Hbf"
DC:8C:37:67:BA:6E,"KVV811,KVV904,Karlsruhe Hbf"
DC:8C:37:67:BA:6F,"ICE Tz104,Karlsruhe Hbf"
DC:8C:37:68:11:CF,"Karlsruhe Hbf"
DC:8C:37:68:13:C0,"ICE Tz104,Karlsruhe Hbf"
DC:8C:37:68:13:CF,"ICE Tz104,Karlsruhe Hbf"
DC:8C:37:68:14:A0,"ICE Tz104,Karlsruhe Hbf"
DC:8C:37:68:14:AF,"ICE Tz104,Karlsruhe Hbf"
DC:8C:37:68:48:8E,"Karlsruhe Hbf"
DC:8C:37:68:48:8F,"Karlsruhe Hbf"
DC:8C:37:99:BA:02,"KVV811,KVV904,Karlsruhe Hbf"
DC:8C:37:99:BA:0E,"KVV811,KVV904,Karlsruhe Hbf"
DC:8C:37:99:BA:0F,"KVV811,KVV904,Karlsruhe Hbf"
DC:8C:37:9A:75:2E,"KVV811,KVV904,Karlsruhe Hbf"
DC:8C:37:9A:79:22,"KVV811,KVV904,Karlsruhe Hbf"
DC:8C:37:CB:F2:20,"KVV811,KVV904,Karlsruhe Hbf"
DC:8C:37:CB:F2:22,"KVV811,KVV904,Karlsruhe Hbf"
DC:8C:37:CC:75:C0,"KVV811,KVV904,Karlsruhe Hbf"
DC:8C:37:CC:75:C2,"KVV811,KVV904,Karlsruhe Hbf"
DC:8C:37:F9:BB:42,"KVV811,KVV904,Karlsruhe Hbf"
DC:8C:37:F9:BB:4E,"KVV811,KVV904,Karlsruhe Hbf"
DC:8C:37:F9:BC:6E,"KVV811,KVV904,Karlsruhe Hbf"
DC:8C:37:F9:BD:02,"KVV811,KVV904,Karlsruhe Hbf"
DC:8C:37:F9:BD:0F,"KVV811,KVV904,Karlsruhe Hbf"
DC:8C:37:F9:BD:2E,"KVV811,KVV904,Karlsruhe Hbf"
DC:8C:37:F9:BD:2F,"KVV811,KVV904,Karlsruhe Hbf"
DC:8C:37:F9:BD:40,"ICE Tz104,Karlsruhe Hbf"
DC:8C:37:F9:BD:60,"KVV811,KVV904,Karlsruhe Hbf"
DC:8C:37:F9:BD:8F,"ICE Tz104,Karlsruhe Hbf"
DC:8C:37:F9:BD:CE,"KVV811,KVV904,Karlsruhe Hbf"
DC:8C:37:F9:BD:CF,"KVV811,KVV904,Karlsruhe Hbf"
DC:8C:37:F9:C0:20,"ICE Tz104,Karlsruhe Hbf"
DC:8C:37:F9:C0:6E,"KVV811,KVV904,Karlsruhe Hbf"
DC:8C:37:F9:C0:80,"KVV811,KVV904,Karlsruhe Hbf"
DC:8C:37:F9:C1:6F,"KVV811,KVV904,Karlsruhe Hbf"
DC:8C:37:F9:C1:8E,"KVV811,KVV904,Karlsruhe Hbf"
DC:8C:37:F9:C1:8F,"KVV811,KVV904,Karlsruhe Hbf"
DC:8C:37:F9:C2:22,"KVV811,KVV904,Karlsruhe Hbf"
DE:39:6F:5A:8E:D3,"ICE Tz Freilassing 85"
E0:28:6D:3F:EA:90,"2511,2513,8323,Haltenhoff"
E0:28:6D:41:62:88,8315
E0:28:6D:79:2D:59,"2578,2586"
E0:28:6D:FB:CB:D2,"Glocksee,Regiobus"
E0:51:63:0E:3D:E5,83KEEP
E0:51:63:0E:3D:E9,83KEEP
E0:AA:96:33:1B:5C,"""61 80 20-91 321-5"",Tz 1127"
E0:CB:BC:B7:F9:FE,"Hannover Hbf,ICE Tz 9002"
E2:55:6D:92:9B:E0,"2578,2586"
E2:55:6D:92:9B:E1,"2578,2586"
E2:55:6D:92:9B:E2,"2578,2586"
E2:55:6D:92:9B:EF,"2578,2586"
E2:55:6D:AA:81:70,"""61 80 20-91 321-5"",Tz 1127"
E2:55:6D:AA:81:71,"""61 80 20-91 321-5"",Tz 1127"
E2:55:6D:AA:81:72,"""61 80 20-91 321-5"",Tz 1127"
E2:55:6D:AB:0C:A1,"""61 80 20-91 321-5"",Tz 1127"
E2:55:6D:AB:0C:AF,"""61 80 20-91 321-5"",Tz 1127"
E2:55:6D:B2:42:30,"2578,2586"
E2:55:6D:B2:42:31,"2578,2586"
E2:55:6D:B2:42:32,"2578,2586"
E2:55:6D:B2:42:3F,"2578,2586"
E2:55:7D:AA:81:70,"""61 80 20-91 321-5"",Tz 1127"
E2:55:7D:AB:0C:A2,"""61 80 20-91 321-5"",Tz 1127"
E4:18:6B:96:DE:3C,"623529,648345,648452,648453,648461,648462,DB Regio SH,Lübeck Hbf,weitere"
E4:18:6B:96:DE:3E,"623529,648345,648452,648453,648461,648462,DB Regio SH,Lübeck Hbf,weitere"
E4:3E:D7:FE:0F:9D,8315
E4:FD:A1:62:CE:72,"2578,2586"
E6:86:20:6A:6F:52,Glocksee
E6:E7:49:25:C3:55,"2578,2586"
E8:37:7A:3A:AF:C8,Glocksee
E8:D8:D1:0B:22:35,83KEEP
E8:DE:27:DA:EC:F0,Glocksee
E8:DF:70:06:32:58,Glocksee
E8:DF:70:CE:0D:B8,Glocksee
E8:DF:70:E4:6D:A3,Glocksee
E8:DF:70:E8:46:19,"2578,2586"
E8:DF:70:E8:60:A0,"""61 80 20-91 321-5"",Tz 1127"
EA:DF:70:D7:D2:80,"2047,2526,2537"
EC:08:6B:83:89:C8,"Leibniz Universität ohne Bahn"
EC:BD:1D:41:9E:0B,"Leibniz Universität"
EC:BD:1D:41:9E:0D,"Leibniz Universität"
EC:BD:1D:41:9E:0F,"Leibniz Universität"
EE:37:37:EA:C0:E7,"3xxx,RTLS Kröpcke"
F0:86:20:6A:6F:53,Glocksee
F0:86:20:97:5B:5C,Glocksee
F0:86:20:97:5B:5E,Glocksee
F0:86:20:97:5B:5F,Glocksee
F0:86:20:97:5B:62,Glocksee
F0:9C:E9:7D:1E:64,"Hannover Hbf,ICE Tz 9002"
F0:9C:E9:7D:32:24,"Hannover Hbf,ICE Tz 9002"
F0:AF:85:9E:B0:C4,"Glocksee,Regiobus"
F0:B0:14:02:FB:FB,"2578,2586"
F0:B0:14:0D:2E:68,Glocksee
F0:B0:14:3A:46:19,"""61 80 20-91 321-5"",Tz 1127"
F0:B0:14:7E:9C:0D,"2578,2586"
F2:86:20:97:5B:5C,Glocksee
F2:86:20:97:5B:5D,Glocksee
F4:06:8D:DF:32:2D,Glocksee
F4:30:B9:21:B2:C0,Glocksee
F4:DB:E6:B4:90:82,"623529,648345,648452,648453,648461,648462,DB Regio SH,Lübeck Hbf,weitere"
F4:DB:E6:B4:90:8D,"623529,648345,648452,648453,648461,648462,DB Regio SH,Lübeck Hbf,weitere"
F4:DB:E6:BA:F1:EF,"...,DB Regio,Mannheim Hbf,S-Bahn RheinNeckar"
F4:DB:E6:BB:44:AF,"DB Regio Taufname Walkenried,Göttingen,Göttingen Bahnhof"
F4:DB:E6:BB:54:8F,"648 772,Göttingen,Göttingen Bahnhof"
F4:DB:E6:C8:46:AE,"KVV811,KVV904,Karlsruhe Hbf"
F4:DB:E6:C8:46:AF,"KVV811,KVV904,Karlsruhe Hbf"
F4:DB:E6:C8:62:E2,"623529,648345,648452,648453,648461,648462,DB Regio SH,Lübeck Hbf,weitere"
F6:06:8D:DF:32:2D,Glocksee
F6:27:2D:A0:C1:BB,Glocksee
F8:0F:6F:C9:28:D2,"ICE Tz 9002 FS"
F8:0F:6F:D9:6D:21,"Hannover Hbf"
F8:2D:C0:27:83:69,"""61 80 20-91 321-5"",Tz 1127"
FA:8F:CA:88:CC:E0,"2511,2513,8323,Haltenhoff"
FC:EC:DA:3C:21:D5,"KVV811,KVV904,Karlsruhe Hbf"
FE:EC:DA:3B:1F:83,"KVV811,KVV904,Karlsruhe Hbf"
